598,40,130,12,98,9,137,13,233,20,22.846,1.5394,38.916,1.8469,58.919,5.9158,17.851,5.5439,26.978,9.1113,599.17,0.14894,39.833,0.26693,1.9136
1005,10,136,9,104,9,256,9,505,10,25.382,1.2353,50.245,0.4902,50.538,2.9231,12.07,2.436,10.496,2.087,1005,0,10,0.4,0.56234
1760,40,135,10,110,12,700,28,807,81,39.812,2.8136,45.78,3.5837,87.659,13.395,20.068,6.1467,34.054,29.501,1760.3,0,40,0.3125,1.0986
932,88,127,18,105,13,196,34,502,45,21.123,2.6462,53.997,3.5857,39.507,6.9558,43.446,8.6163,37.462,8.8145,935.69,0.4,87.534,0.29752,2.164
648,16,121,5,96,8,181,4,251,11,27.841,0.72041,38.647,1.0745,72.117,3.2859,15.373,3.2182,58.862,15.088,648.64,0.044444,16.231,0.35586,1.1615
1204,36,124,17,116,12,268,16,697,39,22.259,1.5492,57.881,2.0576,38.556,3.6191,48.208,14.052,31.874,9.7933,1204.9,0.086957,35.653,0.3316,1.8705
988,25,138,14,109,17,254,24,498,26,25.247,1.0658,50.34,1.9772,50.267,3.6171,31.218,8.7826,35.655,10.208,988.52,0,24.555,0.29321,1.3654
700,23,133,10,95,9,180,0,294,28,25.739,0.86863,41.984,2.9769,61.684,6.4762,17.915,3.3111,24.324,4.8717,700.33,0,23.094,0.26562,1.277
707,20,119,9,106,10,210,13,272,16,29.726,1.9346,38.399,1.4795,77.638,7.2346,19.924,5.6221,26.173,7.4534,707.11,0.078947,19.879,0.32084,1.3505
1027,31,120,0,125,10,245,10,533,31,24.057,1.7403,51.924,1.667,46.434,4.8853,31.853,6.8809,13.868,2.9206,1027,0,30.551,0.3125,1.0986
763,28,142,12,91,12,191,12,338,22,25.108,1.5658,44.341,2.407,56.934,6.4706,27.976,5.1645,69.256,15.737,763.23,0.18182,28.149,0.27358,1.6814
774,25,128,12,103,7,147,11,396,22,18.964,1.3032,51.179,1.6588,37.101,2.9355,21.65,5.8536,25.999,5.8429,774.5,0.045455,25.364,0.25086,1.5625
829,13,123,10,109,13,225,14,375,9,27.01,1.5831,45.187,1.31,59.844,4.2769,32.354,8.4411,36.034,7.3024,829.43,0,12.799,0.30078,0.85324
958,60,135,13,112,15,215,20,497,47,22.292,1.6746,51.842,2.4093,43.154,4.4292,37.83,10.888,38.233,7.3254,959.83,0.23333,60.195,0.29553,2.0027
666,69,125,15,95,13,159,22,288,32,23.767,1.8705,43.159,1.8966,55.229,5.4774,19.298,18.636,34.26,22.043,669.57,0.375,68.787,0.23529,1.862
1076,8,135,9,107,16,78,10,755,18,7.2645,1.0051,70.1,1.5521,10.369,1.483,28.674,3.7287,44.64,16.851,1076.4,0,8.0904,0.34028,0.47414
917,20,149,11,97,24,303,18,363,20,33.126,2.6308,39.627,1.6896,83.889,9.5258,45.649,7.6895,55.128,10.877,916.84,0,19.664,0.16327,1.0114
1147,66,134,17,120,18,272,17,622,59,24.03,1.5205,54.123,2.4039,44.521,3.9918,49.158,17.023,42.616,7.7833,1148.4,0.33333,65.69,0.20118,1.9792
937,46,119,12,121,12,270,10,428,37,28.939,1.2908,45.593,2.3038,63.701,5.4274,27.665,5.8453,19.536,3.6929,937.97,0.23077,46.077,0.2602,1.9251
1145,48,138,12,108,11,233,12,666,43,20.394,1.345,58.143,1.5836,35.145,3.0929,22.698,8.4563,20.467,4.0575,1145.8,0.13793,48.005,0.26778,2.1367
716,22,133,10,100,0,183,8,296,9,25.7,0.97786,41.343,0.49648,62.19,3.1153,20.791,5.6272,35.749,8.0755,716.27,0,21.909,0.25,0.95027
689,20,126,10,94,9,179,6,292,16,25.894,0.96833,42.269,1.3881,61.362,3.7582,14.918,3.9767,24.34,9.851,689.76,0.10526,20.128,0.31164,1.387
720,22,124,11,95,12,231,13,271,13,31.956,1.7664,37.692,1.2274,84.844,5.1391,32.357,12.389,61.618,17.381,720.32,0.071429,22.188,0.24,1.4508
928,52,133,18,111,17,245,9,440,44,26.471,1.612,47.335,2.8268,56.247,6.3733,43.834,11.429,58.715,12.426,929.41,0.25,52.476,0.22222,2.0855
1200,60,145,10,105,10,240,0,707,70,20.033,1.0029,58.793,2.9095,34.185,3.3665,8.8504,3.5908,14.015,2.1558,1201,0.33333,60,0.1875,1.0986
1223,38,149,10,96,9,230,10,749,30,18.75,0.83772,61.251,1.2109,30.633,1.6691,23.621,6.6312,47.43,10.243,1223.6,0.076923,38.163,0.19898,1.5858
1153,95,125,10,115,10,245,10,660,92,21.517,2.5144,57.055,3.3078,37.969,6.6368,64.178,5.3473,24.466,1.4973,1155.9,0.33333,94.516,0.1875,1.0986
930,99,160,20,93,12,240,20,450,42,24.791,1.1182,48.419,0.592,51.19,1.6836,31.666,4.2663,54.818,0.95133,932.63,0.5,98.995,0.22222,0.69315
700,118,128,24,93,26,175,32,306,40,24.822,0.80266,43.981,3.1027,56.664,4.2075,19.03,12.725,31.623,21.979,708.52,0.14286,118.32,0.17188,1.4751
855,98,132,17,116,17,215,26,392,58,25.176,1.7797,45.74,2.3675,55.244,5.5433,17.037,8.4108,18.783,7.5198,860.33,0.4359,98.057,0.28812,2.1783
728,27,129,12,99,9,158,12,343,18,21.659,1.6301,47.069,1.317,46.068,3.8835,18.15,4.0677,29.926,4.736,727.98,0.1875,27.203,0.32526,1.4226
1027,92,122,13,110,17,202,22,593,72,19.688,1.8803,57.642,3.1023,34.399,5.0013,23.15,13.682,23.862,13.582,1031.3,0.27273,92.442,0.19291,1.9701
932,29,139,18,97,11,194,14,501,29,20.864,1.4454,53.739,2.276,38.927,3.6416,18.281,7.5264,38.971,9.871,932.67,0.055556,29.19,0.38422,1.6254
697,24,132,10,91,12,176,10,298,14,25.191,1.7526,42.758,1.0436,58.972,4.6512,15.634,6.0499,37.161,9.9679,697.67,0.090909,24.139,0.26087,1.4752
908,42,130,15,106,16,238,11,434,27,26.13,1.1639,47.794,1.8558,54.779,3.6763,24.765,4.8203,33.204,6.0524,908.91,0.25,41.751,0.32653,1.7616
862,29,130,14,105,14,185,11,441,29,21.534,1.3333,51.145,2.6137,42.293,4.4,30.206,6.8497,44.647,10.884,862,0.11538,28.802,0.22497,1.6902
940,28,133,12,100,0,247,12,460,28,26.63,2.3058,48.913,1.5372,54.545,6.4282,12.703,1.6393,12.046,0.37492,940.21,0,28.284,0.22222,0.69315
835,44,120,16,119,15,214,17,381,27,25.684,2.1815,45.643,1.8436,56.457,6.3536,42.832,12.663,37.915,7.0532,835.63,0.2,43.908,0.24152,2.1131
814,95,113,17,107,21,211,27,385,54,25.842,2.0756,47.282,3.1533,54.914,5.9948,35.791,10.919,29.069,22.182,818.95,0.4375,95.14,0.20761,2.1334
654,24,128,11,95,10,133,12,298,16,20.271,1.9255,45.548,1.1756,44.587,4.8952,22.221,9.2538,39.471,10.119,654.22,0.034483,23.966,0.33,1.4835
1032,27,123,8,107,10,203,8,600,32,19.782,1.1114,58.111,1.7177,34.097,2.7104,21.352,3.6125,18.843,8.559,1032.3,0,26.833,0.25,1.0549
826,41,126,10,112,15,209,12,377,35,25.416,1.6881,45.598,2.3644,55.958,5.5973,28.725,6.0981,20.215,3.9123,826.66,0.19048,40.567,0.31612,1.9385
892,47,115,18,117,20,242,15,416,33,27.187,2.0236,46.683,2.3812,58.36,4.9806,31.383,9.0361,30.665,8.9755,892.7,0.18182,46.645,0.26211,2.0438
712,40,129,10,104,10,145,12,334,32,20.368,1.3551,46.794,2.5368,43.738,4.634,21.537,9.3046,30.195,9.7888,713.16,0.22917,39.516,0.24656,1.9392
707,23,118,19,108,13,138,15,341,20,19.583,2.1467,48.238,2.5716,40.781,5.6186,34.37,13.428,34.851,18.328,707.01,0.083333,22.586,0.224,1.3158
953,48,128,13,107,11,249,11,469,38,26.198,1.2212,49.135,2.0705,53.471,4.3024,26.985,11.001,18.725,3.2891,954.31,0.21875,48.356,0.25895,1.6772
890,14,140,0,87,12,320,20,360,0,34.823,1.0357,40.455,0.64282,86.111,3.9284,47.081,9.362,0,0,890.06,0,14.142,0.22222,0.69315
1143,88,139,13,111,11,202,17,692,81,17.636,1.098,60.389,2.827,29.301,2.6946,21.701,4.497,30.036,5.9281,1146.7,0.24138,87.842,0.37,2.1391
847,82,124,11,101,12,182,17,441,58,21.495,1.446,51.884,2.3844,41.6,4.4146,19.259,8.9166,26.821,8.492,850.55,0.38462,82.249,0.25312,2.178
890,42,113,23,113,12,267,31,370,99,31.572,4.6831,41.355,9.1516,79.545,28.927,36.495,10.753,24.292,20.737,890.51,0,42.426,0.44444,0.69315
750,14,120,0,100,0,200,0,330,14,26.671,0.50292,43.99,1.0561,60.662,2.5997,14.176,0.47317,29.474,8.5413,750.07,0,14.142,0.22222,0.69315
713,12,130,12,85,10,160,0,333,12,22.434,0.36657,46.72,0.87061,48.039,1.6981,15.856,3.3858,65.947,21.435,713.4,0,11.547,0.5625,0.63651
1000,60,120,0,109,15,213,10,558,47,21.298,1.3246,55.686,1.8369,38.34,3.5172,8.2974,2.957,10.751,2.8047,1001.5,0.125,59.522,0.39506,1.6675
918,71,135,11,104,9,220,13,459,58,24.032,1.5798,49.853,2.5889,48.445,5.316,15.636,3.7099,23.096,6.7576,921.04,0.32432,70.927,0.25554,2.0776
710,45,126,12,106,12,155,17,324,29,21.774,2.1589,45.553,2.1876,48.029,6.3281,33.451,10.058,40.051,10.355,711.59,0.2766,44.697,0.21658,2.009
1089,20,132,14,110,11,78,15,771,35,7.1434,1.4447,70.805,2.6081,10.16,2.3183,38.826,5.5999,52.507,14.966,1089.1,0,20.276,0.23,1.1491
836,30,123,15,112,12,199,12,401,22,23.833,1.7941,47.987,1.6174,49.79,5.0776,38.573,11.448,31.144,8.0622,836.05,0.16667,29.55,0.21053,1.523
950,19,138,12,102,7,162,7,550,19,17.103,0.56982,57.886,1.183,29.566,1.4141,7.7618,3.5869,25.46,8.4292,950.16,0,18.516,0.22222,1.2555
812,29,123,10,108,16,220,14,361,26,27.107,1.8644,44.417,2.4653,61.371,7.1609,21.544,5.0664,41.972,7.3423,812.66,0.13043,28.755,0.36632,1.5679
700,24,123,8,100,0,210,11,272,23,29.727,1.504,38.812,2.1417,76.923,7.7195,17.962,3.5711,22.82,4.2325,700.34,0,24.495,0.36111,1.0549
782,47,124,13,97,11,177,17,385,31,22.587,1.6634,49.196,1.7849,46.003,4.1624,23.14,5.2487,47.548,10.087,783.76,0.28571,46.998,0.29205,2.1423
852,18,140,13,97,8,163,8,452,11,19.262,1.2634,53.057,1.0749,36.324,2.6529,14.055,1.4542,32.388,7.544,852.15,0,17.889,0.25,0.95027
1130,14,147,12,107,12,233,12,630,14,21.241,0.26583,55.749,0.55381,38.105,0.85537,14.935,1.7504,15.388,2.8579,1130,0,14.142,0.44444,0.69315
893,99,129,15,101,18,178,29,485,64,19.748,1.7725,54.291,2.7619,36.525,4.2839,14.784,11.526,24.748,11.69,897.92,0.36842,98.576,0.33399,1.936
821,74,129,13,109,16,195,18,389,53,23.687,1.2603,47.153,2.7947,50.472,4.8776,38.53,12.995,37.307,7.2382,824.35,0.31429,73.715,0.23997,2.0203
960,13,134,10,100,0,206,10,517,8,21.524,0.926,53.827,1.1135,40.026,2.4815,15.375,3.3864,30.674,4.1297,960.07,0,12.649,0.2449,0.86756
863,54,135,13,92,13,218,18,418,32,25.266,1.3113,48.465,2.0902,52.277,4.2189,34.75,10.162,60.351,16.382,864.47,0.14286,54.143,0.20868,1.2337
1095,17,142,14,113,12,73,20,774,19,6.3923,1.4835,70.67,1.7343,9.087,2.2792,46.548,7.3593,45.837,7.5394,1095.1,0,17.127,0.25606,1.2123
1195,10,132,30,124,26,252,33,690,35,20.918,3.1663,57.733,2.6452,36.436,6.6703,35.263,9.2507,43.848,10.675,1195,0,10,0.24,0.56234
720,27,133,10,93,10,173,10,322,15,23.895,1.2876,44.724,1.2966,53.466,3.2503,15.313,3.2882,47.712,16.857,720.44,0.2,26.667,0.29752,1.5048
753,12,130,12,100,0,225,19,293,12,30.963,1.0676,38.952,1.9036,79.683,6.1966,26.118,2.3113,30.263,4.9684,753.39,0,11.547,0.3125,0.63651
629,84,133,18,108,26,190,34,209,20,29.397,1.9662,33.401,2.4897,88.752,12.303,29.253,15.495,45.916,27.566,633.36,0.42857,83.95,0.29688,1.9459
979,43,128,10,126,11,256,8,468,38,26.277,1.2182,47.789,2.0646,55.144,4.3925,30.258,7.6861,18.094,2.9734,979.86,0.31579,43.448,0.2325,1.9684
926,24,114,14,121,13,219,12,473,21,23.703,1.3057,51.044,1.6396,46.483,2.9455,56.508,14.555,29.673,3.9265,926.42,0.027778,24.293,0.35062,1.5694
816,132,133,27,117,34,143,37,428,66,16.949,2.9566,52.564,2.2125,32.431,6.803,60.257,26.313,51.121,9.5248,824.52,0.2,132.21,0.25,1.6094
894,30,124,10,110,11,246,11,414,26,27.566,1.5663,46.302,1.7478,59.682,4.9557,21.769,5.3878,23.463,3.9793,894.87,0.0625,30.154,0.24793,1.6742
1013,115,115,25,105,25,310,42,473,58,30.836,2.163,46.914,5.3458,66.723,13.073,49.831,10.152,52.29,12.444,1017.7,0.66667,115.47,0.5625,0.63651
777,87,120,19,103,20,145,14,411,62,19.221,1.381,52.792,3.1279,36.623,4.5925,38.919,11.324,69.651,19.508,781.28,0.28571,86.74,0.23438,1.7479
799,81,125,25,106,22,202,25,364,48,25.364,2.4265,45.531,3.132,56.109,7.7532,44.997,13.243,53.098,14.908,803.1,0.25581,81.294,0.22676,1.9337
690,55,120,12,109,11,166,10,293,39,23.744,1.3835,42.39,2.7188,56.343,6.2745,23.303,7.891,33.939,14.357,691.81,0.33333,54.772,0.2449,1.0114
815,22,137,14,95,16,193,15,392,25,23.489,1.8098,48.122,2.6518,49.103,6.2161,34.859,13.901,62.078,16.944,815.06,0.043478,21.923,0.25174,1.4579
770,14,147,12,80,0,240,0,300,0,31.174,0.57256,38.968,0.7157,80,0,19.918,1.699,45.935,11.007,770.06,0,14.142,0.22222,0.69315
1092,27,117,15,130,11,253,10,592,39,23.093,1.2812,54.17,2.2964,42.758,3.9863,36.143,8.6001,17.755,4.7333,1092.3,0,26.833,0.30556,1.0549
846,35,125,9,110,11,236,11,376,28,27.871,1.1739,44.418,1.9102,62.92,4.7371,19.895,7.1502,29.193,10.393,846.57,0.19512,35.283,0.2398,1.8385
1018,35,128,10,119,16,241,13,531,31,23.673,1.2656,52.112,1.6809,45.499,3.2849,27.23,5.3863,29.045,6.3987,1018.8,0.18182,34.865,0.28355,1.8946
970,14,140,0,120,20,273,31,430,14,27.806,3.9685,44.345,2.1045,62.987,11.938,42.631,1.1795,29.463,3.3149,970.05,0,14.142,0.22222,0.69315
850,49,114,10,126,10,209,16,400,33,24.732,1.9179,47.013,1.7296,52.729,5.441,33.463,5.565,22.765,2.0543,851.16,0.33333,48.58,0.28571,1.5607
673,42,115,19,95,10,135,10,327,12,19.834,1.8771,48.569,1.3908,40.809,3.1412,17.024,7.2025,69.524,28.267,674.19,0.33333,41.633,0.4375,1.0986
1070,42,133,12,100,0,200,0,640,28,18.706,0.74172,59.808,0.27196,31.281,1.3824,9.028,1.1733,27.437,0.59153,1070.4,0,42.426,0.22222,0.69315
720,0,120,0,105,10,200,0,293,12,27.778,4.3512e-15,40.741,1.6038,68.254,2.7493,12.552,3.9378,10.599,1.7043,720,0,0,0.5625,-0
780,28,140,0,100,0,220,0,320,28,28.224,1.0234,40.987,2.1399,69.02,6.1005,17.934,1.0072,25.03,2.5788,780.26,0,28.284,0.22222,0.69315
1122,69,137,9,105,13,191,15,689,58,16.988,1.1524,61.329,2.0052,27.758,2.4737,25.043,8.7489,30.513,6.488,1124.1,0.27586,68.732,0.29667,1.9894
776,26,128,10,102,10,197,8,350,23,25.437,1.3403,45.043,1.7143,56.626,4.6526,17.581,5.4106,21.624,9.307,776.8,0.090909,26.333,0.28642,1.6453
781,35,133,14,100,13,197,15,350,22,25.4,1.3411,44.782,1.7197,56.859,4.6103,44.709,12.831,76.265,17.203,782.14,0.14286,34.609,0.24,1.7721
1067,151,140,23,120,28,265,38,520,72,25.63,1.5492,48.768,1.0926,52.618,4.3056,25.022,7.7883,37.349,5.5136,1073.8,0.33333,151.44,0.3125,1.0986
918,83,134,20,123,19,229,29,433,48,24.923,2.3234,47.08,2.4954,53.165,6.5075,36.81,11.801,50.588,14.825,921.95,0.41667,82.722,0.31848,1.9988
1043,62,138,7,102,7,216,13,588,57,20.653,1.331,56.253,2.2983,36.841,3.7687,20.727,5.7463,24.962,4.203,1044.1,0.375,61.818,0.44444,1.5596
885,47,128,11,100,14,276,9,375,44,31.099,0.76804,42.266,2.9032,73.924,6.7476,18.918,2.6648,51.204,22.105,885.95,0,47.258,0.24,1.0397
1033,70,115,10,115,10,220,0,580,60,21.357,1.4689,56.039,2.0211,38.205,3.9734,9.1134,1.221,10.691,1.7501,1034.9,0.33333,70.238,0.3125,1.0986
1040,0,127,12,107,12,240,0,570,14,23.077,0,54.808,1.3598,42.118,1.045,30.341,11.608,37.692,4.377,1040,0,0,0.22222,-0
868,61,120,28,97,20,240,13,412,36,27.694,1.3745,47.5,3.3315,58.625,6.2833,33.085,12.058,21.876,5.4271,869.71,0.4,60.992,0.25,1.6094
750,14,120,0,100,0,200,0,330,14,26.671,0.50292,43.99,1.0561,60.662,2.5997,14.901,0.60763,17.698,2.0012,750.07,0,14.142,0.44444,0.69315
1070,38,128,11,112,11,244,9,585,44,22.932,1.5342,54.617,2.2444,42.126,4.5724,18.978,7.4204,33.547,4.7144,1070.5,0.25,38.297,0.24,1.0397
854,95,135,17,106,18,206,21,407,51,24.197,1.4764,47.595,2.3168,51.073,5.5521,11.687,4.7632,29.761,13.603,859.07,0.33333,95.195,0.23789,2.0423
1303,42,130,15,116,17,229,13,828,42,17.533,0.81486,63.557,1.9059,27.608,1.5143,25.222,7.2863,29.178,5.7905,1303.7,0.19231,42.216,0.21674,2.0247
785,30,125,14,109,12,201,18,351,19,25.611,2.193,44.643,1.8771,57.569,6.3816,34.369,8.0619,30.5,6.8605,785.79,0.26316,29.696,0.3775,1.6908
706,45,127,13,106,11,181,11,292,30,25.684,1.6556,41.233,2.0315,62.503,5.8195,16.183,5.1481,19.533,3.8712,707.88,0.24324,44.982,0.35111,1.9488
961,44,122,24,121,20,236,21,481,33,24.591,2.2317,50.048,2.7764,49.291,5.4244,65.908,15.278,43.094,8.2955,961.54,0.28571,43.787,0.24614,2.0455
760,16,128,11,104,9,204,9,320,16,27.001,1.847,42.085,1.245,64.289,6.2736,34.595,4.8011,22.601,7.6389,760.13,0,16.33,0.4,1.0397
689,11,133,10,93,10,170,11,291,11,24.898,1.5378,42.329,1.5831,58.912,4.5734,25.834,8.0833,59.077,24.563,688.64,0,10.69,0.20312,0.68291
910,42,127,12,100,0,200,0,490,42,22.002,1.0258,53.796,2.1541,40.97,3.5474,15.348,2.132,40.768,0.67072,910.49,0,42.426,0.22222,0.69315
706,71,121,13,94,14,140,16,351,41,19.771,1.3492,49.697,1.6622,39.845,3.2726,9.4525,5.7864,25.172,13.312,709.55,0.34783,70.789,0.31779,2.03
870,24,133,10,103,7,222,8,413,19,25.554,1.2276,47.447,1.2315,53.933,3.6586,18.146,5.7183,25.406,5.6883,870.07,0.025641,24.223,0.33063,1.5241
1010,37,140,25,107,18,218,17,536,39,21.588,1.6131,53.028,2.3708,40.871,4.4766,25.156,5.3461,35.967,15.931,1010.6,0.1,36.818,0.21488,1.6094
640,20,123,15,107,10,143,8,268,18,22.498,1.129,41.849,1.8801,53.864,3.8919,40.485,7.4858,40.286,10.538,640.25,0,20,0.25,1.0549
789,53,123,7,98,7,185,9,384,42,23.42,1.1621,48.504,2.194,48.463,4.3505,6.8869,2.6597,22.578,6.9437,791.18,0.22222,53.128,0.37107,2.0908
1124,65,126,10,128,10,254,10,620,58,22.568,1.0076,55.036,2.2379,41.124,3.4358,30.049,4.5809,18.043,2.1701,1126.1,0.33333,65.405,0.11,1.523
833,12,130,12,100,0,200,0,407,12,24.003,0.33528,48.8,1.1906,49.206,1.3746,23.886,10.072,21.171,7.1787,833.39,0,11.547,0.1875,0.63651
950,14,140,0,107,12,233,12,470,14,24.202,1.1284,49.49,2.2254,49.004,4.4835,24.412,12.216,17.22,1.1393,950.05,0,14.142,0.44444,0.69315
980,28,127,12,100,0,213,12,530,14,22.458,0.64818,54.083,0.11785,41.524,1.108,33.664,2.251,26.132,5.936,980.2,0,28.284,0.22222,0.69315
1010,47,127,18,116,15,211,19,554,35,20.983,1.4421,54.861,2.7892,38.372,3.8134,40.112,9.6729,33.66,5.4751,1011,0.1,47.376,0.24793,1.7481
872,10,135,9,100,0,220,0,418,6,25.233,0.30023,47.939,0.7247,52.643,0.82822,13.071,2.9598,19.988,3.5472,872.06,0,10.328,0.39669,0.67301
888,18,133,10,100,0,187,10,464,9,21.166,1.035,52.253,0.044191,40.507,1.9911,12.253,1.3787,35.554,6.0998,888.14,0,17.889,0.69444,0.5004
860,57,147,12,93,12,173,12,450,42,19.864,2.9511,52.276,1.4947,38.095,6.7344,19.004,5.9874,33.254,0.72883,860.93,0.5,56.569,0.22222,0.69315
790,103,137,14,94,32,271,30,280,38,34.701,2.1478,35.436,1.3913,98.175,8.9299,68.261,14.846,67.66,10.056,795.61,0.16667,103.34,0.2449,1.5607
860,20,143,7,100,0,183,7,434,15,21.265,0.77934,50.491,0.89733,42.139,2.0255,25.696,4.2307,30.922,16.371,860.2,0,20,0.17188,1.0042
740,28,133,12,100,0,240,0,270,14,32.456,1.2405,36.477,0.51689,89.011,4.6622,33.024,0.22774,46.816,7.5887,740.27,0,28.284,0.44444,0.69315
835,19,120,14,120,14,208,11,385,19,24.543,0.74452,46.094,1.5668,53.297,2.5373,15.677,2.5466,16.564,2.1992,835.16,0,19.149,0.16,1.0397
915,25,132,11,100,0,228,11,460,28,24.601,1.1934,50.254,2.21,49.093,4.4006,24.397,3.8091,54.971,12.449,915.26,0,25.166,0.4,1.0397
920,20,120,0,105,10,185,10,513,12,19.571,0.42557,55.799,0.63713,35.077,0.79941,14.236,6.5058,18.824,1.2497,920.14,0,20,0.1875,1.0986
908,50,123,8,117,15,210,21,464,52,22.545,2.4683,50.979,2.9097,44.476,6.6192,16.03,4.1954,21.833,1.8269,909.11,0.4,50.2,0.19444,1.0549
1126,29,130,15,130,19,284,22,585,33,24.943,1.1418,51.941,2.2342,48.122,3.2272,49.308,12.166,38.272,5.2216,1126.2,0,28.577,0.288,1.5643
780,39,121,17,106,14,224,16,327,26,28.68,2.0882,41.979,2.0349,68.566,7.0085,43.375,11.293,37.989,11.25,780.51,0.23256,39.397,0.26395,2.0241
1827,133,130,12,120,16,470,53,1140,125,24.466,0.71334,62.294,2.4109,39.333,2.4169,19.38,5.0062,27.603,12.049,1829.9,0.33333,133.17,0.1875,1.0986
868,53,121,9,105,9,193,10,448,48,22.282,1.9321,51.548,2.5279,43.478,5.7099,23.056,4.2735,15.336,2.8809,869.03,0.29167,52.689,0.3264,2.1165
987,14,132,19,109,14,175,13,571,25,17.706,1.2655,57.848,2.4884,30.643,2.3228,40.15,7.533,39.235,6.5617,987.2,0,14.188,0.30176,1.0554
800,28,133,12,93,12,240,0,320,28,30.019,1.0613,39.962,2.1226,75.294,6.6551,14.277,1.4215,34.692,6.0357,800.25,0,28.284,0.44444,0.69315
913,31,135,10,85,10,235,10,460,20,25.54,0.54352,50.355,0.6142,50.725,1.2551,17.392,2.441,0,0,913.67,0,30.551,0.1875,1.0986
909,30,121,5,104,9,197,7,486,25,21.673,0.94353,53.444,1.2497,40.597,2.4958,21.673,2.968,14.006,1.9382,909.69,0.15385,30.128,0.38265,1.626
852,11,127,10,100,13,197,8,424,17,23.477,0.30328,49.756,1.5353,47.229,1.8895,28.65,7.7522,39.057,5.3041,852.06,0,10.954,0.30556,0.67301
1088,25,136,9,115,10,73,11,764,24,6.7001,0.98352,70.221,1.2938,9.553,1.4691,39.313,7.9523,24.933,4.7863,1088,0.032258,25.128,0.25488,1.4228
837,38,134,9,97,9,181,8,425,29,21.665,1.0911,50.742,1.4992,42.762,2.9265,7.8945,2.1875,21.951,6.2253,837.96,0.17143,37.618,0.29552,1.9719
693,72,116,22,107,21,196,21,276,35,28.19,1.8576,39.874,3.2011,71.219,8.073,33.973,22.27,30.621,21.036,696.52,0.35484,72.027,0.16699,2.134
650,36,125,13,93,11,142,8,290,24,21.891,1.479,44.51,2.1742,49.387,5.2432,15.981,6.4886,38.665,11.627,651.29,0.27586,35.705,0.22778,1.8279
790,14,127,12,100,0,207,12,360,0,26.571,1.3145,45.577,0.81589,58.333,3.9284,14.578,6.2996,14.779,3.8544,790.06,0,14.142,0.22222,0.69315
629,30,128,10,93,10,142,12,267,13,22.403,1.373,42.47,1.5272,52.86,4.3884,18.892,4.0298,42.907,17.845,629.68,0.25,30.07,0.27211,1.7354
768,27,120,0,107,16,210,11,332,18,27.593,0.59133,43.233,1.9622,63.922,2.9737,36.371,9.1547,21.878,2.3258,768.37,0.2,26.833,0.13889,1.0549
805,45,128,10,99,5,199,9,380,38,24.694,0.84996,47.087,2.345,52.607,3.8474,14.865,4.4702,21.575,3.7831,806.51,0.33333,45.019,0.42578,1.8065
773,23,120,0,105,10,190,12,360,20,25,1.3158,46.535,1.5587,53.818,4.5299,17.94,2.6347,15.563,1.4928,773.56,0,23.094,0.1875,0.63651
832,36,118,14,112,17,200,12,402,27,24.019,1.8285,48.301,2.3296,49.889,5.0523,31.066,11.018,23.975,5.52,833.08,0.12821,36.307,0.25813,1.8236
713,29,135,12,93,10,215,15,267,16,30.082,1.483,37.488,1.3507,80.376,5.4898,26.882,5.5623,64.482,17.707,713.25,0.18182,28.667,0.29861,1.3421
980,40,130,11,108,10,200,0,546,41,20.437,0.82234,55.622,2.074,36.828,2.7703,25.536,6.0157,27.264,4.8302,980.7,0.28571,40,0.39062,1.5498
814,28,139,11,99,5,173,10,404,21,21.21,1.2361,49.596,1.2716,42.834,3.3749,24.771,7.3234,28.176,6.2276,814.2,0.0625,28.018,0.21453,1.6304
841,63,137,14,100,12,262,12,342,39,31.245,2.0136,40.564,2.1763,77.442,8.8329,26.702,5.9166,45.778,10.7,843.17,0.31818,63.088,0.18147,1.7987
1100,28,113,12,113,12,213,12,660,57,19.114,1.7771,59.954,3.601,32.028,4.8878,21.971,9.6545,17.061,3.3442,1100.2,0,28.284,0.22222,0.69315
774,49,118,25,123,20,178,17,357,24,23.248,1.5278,46.263,4.1073,50.553,5.228,45.991,17.296,37.467,13.151,775.59,0.28571,48.599,0.26562,1.7479
1100,0,127,12,120,35,260,0,580,57,23.636,0,52.727,5.1426,45.042,4.393,33.163,5.1979,44.122,4.6322,1100,0,0,0.22222,-0
939,26,130,15,110,14,217,17,481,28,23.004,1.6651,51.21,2.3278,45.047,4.3163,39.407,12.985,40.968,14.634,939.33,0.05,25.526,0.28118,1.3748
960,33,109,10,122,11,236,12,494,21,24.579,0.88876,51.455,1.2132,47.78,1.756,46.916,14.519,14.999,2.9945,960.5,0.2,32.66,0.2314,1.3592
800,25,132,10,114,9,79,11,475,23,10.004,1.323,59.332,1.6722,16.905,2.5631,37.705,4.8233,33.935,8.0815,800.37,0.13043,24.863,0.2309,1.5569
1004,23,123,9,117,12,233,11,532,21,23.144,1.0549,52.956,1.5485,43.762,2.7142,27.935,7.7595,20.193,4.6561,1004.4,0.029412,23.5,0.23184,1.5449
1000,20,125,10,125,10,200,0,547,12,20.005,0.40019,54.668,0.58709,36.596,0.76369,32.119,7.4234,33.236,3.6946,1000.1,0,20,0.3125,1.0986
671,37,124,22,100,15,203,23,244,19,30.146,2.845,36.333,2.3598,83.408,10.427,55.42,16.282,51.807,14.035,671.82,0.26,37.299,0.15148,1.9121
918,18,127,13,111,14,198,6,476,18,21.576,0.82318,51.841,1.3526,41.658,2.2067,21.239,4.8906,34.024,17.203,918.15,0,17.512,0.29752,1.0889
857,94,126,17,120,22,101,24,513,64,11.598,2.1588,59.915,4.5038,19.685,5.1998,36.382,11.384,47.405,23.304,862.14,0.4,94.072,0.24609,1.9913
1078,50,147,12,98,6,223,11,610,39,20.674,0.97092,56.558,1.5386,36.611,2.5075,11.075,2.1864,48.093,8.7774,1079.1,0.1,50.474,0.27263,1.8895
642,22,129,10,91,10,198,8,225,10,30.913,1.1439,34.967,0.94264,88.47,4.0241,16.23,3.4761,55.954,18.883,642.66,0.15385,21.568,0.31969,1.3937
534,12,128,10,89,10,127,10,190,10,23.9,1.9594,35.601,1.8465,67.361,7.188,18.254,3.4984,43.989,10.717,533.88,0.0625,12.042,0.31142,0.86474
1030,71,133,12,107,12,220,0,570,71,21.41,1.4698,55.234,3.0732,38.896,4.8252,15.768,4.9965,26.653,0.89036,1031.2,0.5,70.711,0.44444,0.69315
970,14,120,0,120,0,220,0,510,14,22.683,0.3307,52.572,0.69147,43.154,1.1966,23.014,10.113,12.027,3.374,970.05,0,14.142,0.44444,0.69315
555,18,115,9,95,9,137,12,207,10,24.573,1.7695,37.388,1.6329,65.95,6.9278,12.881,2.172,34.682,16.15,554.81,0.18182,18.091,0.27083,1.2407
711,16,128,10,95,9,218,13,269,16,30.517,1.7217,37.742,1.7948,81.041,6.4796,25.384,7.1159,60.938,15.693,711.58,0.14286,15.736,0.29688,0.9557
955,35,135,12,102,11,197,13,519,29,20.69,1.5034,54.383,1.7644,38.137,3.6364,29.737,10.593,41.813,9.1297,955.29,0.13333,35.207,0.33091,1.6624
797,28,125,13,105,10,161,13,406,27,20.08,1.4218,50.923,2.3176,39.562,3.8953,32.644,10.094,41.814,10.848,797.46,0.12121,28.338,0.3936,1.6813
796,20,129,10,105,9,185,12,377,17,23.29,1.4804,47.396,1.4688,49.25,4.3335,21.35,7.0272,23.641,4.5043,796.24,0,20.284,0.26172,1.2351
1059,79,131,21,105,20,299,21,522,50,28.456,2.5107,49.251,2.0006,57.976,6.5804,46.302,15.493,39.343,14.619,1061.6,0.21875,79.342,0.20937,1.7798
1163,35,137,7,99,5,216,9,712,31,18.522,0.6328,61.226,1.172,30.274,1.4963,8.969,1.777,26.401,6.4477,1163.6,0.076923,35.446,0.35204,1.8446
832,28,131,18,103,12,185,24,412,30,22.289,2.973,49.489,2.6445,45.366,7.9546,63.625,15.071,59.654,11.605,832.44,0.066667,28.082,0.20703,1.6171
849,23,132,16,111,16,165,16,441,20,19.484,2.0103,51.909,1.9701,37.647,4.6597,35.918,13.888,30.996,10.671,849.13,0.029412,23.194,0.20082,1.5277
830,14,133,31,113,12,193,31,370,42,22.938,5.5025,44.541,4.3527,52.353,17.47,65.662,19.952,49.892,2.7001,830.06,0,14.142,0.22222,0.69315
829,29,120,11,111,11,215,11,384,25,25.892,1.1992,46.261,1.8311,56.089,3.9587,18.63,5.15,20.183,5.2676,829.76,0.12195,29.016,0.2432,1.6768
980,43,118,7,120,10,209,11,533,38,21.487,1.7988,54.279,1.749,39.71,4.5859,26.589,6.965,13.68,5.1315,980.82,0.25,42.762,0.24691,1.4942
903,57,129,13,105,10,211,14,458,50,23.421,1.6288,50.571,3.0188,46.634,5.9858,35.4,10.791,26.155,10.645,905.06,0.25,56.669,0.25566,1.8477
847,28,129,10,106,11,217,10,395,22,25.601,1.1924,46.59,1.4702,55.009,3.2133,21.057,6.6055,24.042,5.7614,847.11,0.066667,27.957,0.30385,1.6736
1142,34,133,10,112,10,195,12,700,27,17.071,0.92822,61.289,1.07,27.863,1.6375,14.637,4.6488,17.225,3.6256,1142.5,0.15,34.274,0.38549,1.6173
791,25,140,15,98,17,200,11,354,19,25.642,0.88589,44.785,2.4138,57.437,4.3917,43.074,10.515,68.941,6.7545,791.78,0,25.448,0.20312,1.3518
895,72,126,17,115,20,209,25,443,46,23.434,2.4963,49.528,2.8128,47.694,7.5624,25.563,6.8016,25.49,10.19,897.39,0.27027,71.748,0.26108,1.811
950,14,133,12,100,20,260,20,430,42,28.435,1.9119,45.235,3.7925,63.261,9.5306,27.057,15.441,0,0,950.05,0,14.142,0.44444,0.69315
910,37,137,14,100,12,229,11,443,39,25.324,1.8452,48.661,2.7505,52.333,6.5236,29.567,5.2991,50.588,10.727,910.64,0.16667,37.417,0.2449,1.7918
774,15,111,10,114,12,256,9,294,17,33.008,1.1482,37.956,1.7314,87.152,5.449,32.292,7.8042,23.783,5.0078,773.98,0,15.021,0.27041,1.0123
1160,85,140,20,113,23,287,12,620,85,25.022,0.61121,53.323,3.4143,47.059,4.1595,16.86,5.5778,18.402,2.9607,1161.6,0.5,84.853,0.44444,0.69315
875,51,122,7,111,11,227,10,413,50,26.053,1.4701,47.001,3.1351,55.772,6.2366,23.441,8.0824,43.362,23.825,876.3,0.25,50.99,0.19753,1.7329
1009,124,124,14,95,24,204,32,587,79,20.152,1.8094,58.167,3.1756,34.879,4.7215,12.806,4.9063,15.562,4.5519,1016.7,0.375,123.91,0.19651,2.1007
940,28,133,12,107,12,240,0,470,14,25.543,0.76859,50,0,51.087,1.5372,17.253,0.92948,15.677,0.91668,940.21,0,28.284,0.22222,0.69315
798,26,132,10,99,6,166,11,401,25,20.768,1.2796,50.202,1.8199,41.47,3.5978,15.535,3.7472,26.237,5.4719,798.52,0.095238,26.433,0.36885,1.5457
654,25,118,7,98,7,179,8,259,17,27.362,1.3673,39.538,1.4725,69.38,5.5733,9.0171,3.5503,13.924,3.2428,654.46,0.02,24.661,0.39293,1.5444
919,35,120,9,127,10,216,19,456,26,23.481,1.7223,49.608,1.6174,47.436,4.38,41.154,12.413,28.947,6.0281,919.64,0.15,35.229,0.26757,1.543
912,64,135,24,97,18,97,26,582,59,10.571,2.7327,63.861,4.8264,16.893,5.5311,44.848,14.237,68.609,16.497,913.85,0.11111,64.031,0.19576,1.5442
890,44,133,13,103,8,198,14,457,29,22.172,1.1922,51.25,1.3873,43.312,2.9233,23.41,6.8504,30.954,11.958,891.47,0.17391,43.847,0.24826,1.9295
1040,28,133,12,100,0,207,12,600,28,19.238,0.5232,57.677,1.151,33.37,1.5731,19.791,7.5193,48.862,3.2531,1040.2,0,28.284,0.22222,0.69315
841,19,118,9,116,10,203,8,405,15,24.141,0.92276,48.093,1.1712,50.239,2.5589,24.336,6.0822,17.435,3.4437,841.21,0.1,19.189,0.33195,1.3072
752,11,140,13,93,10,223,8,296,9,29.787,1.0756,39.374,1.5126,75.714,3.2991,14.207,5.8772,55.386,19.711,752.06,0,10.954,0.19444,0.67301
993,51,131,10,112,15,217,11,532,51,21.861,1.5555,53.423,2.7401,41.082,4.3902,16.878,5.8574,22.474,4.1923,994.55,0.25,51.405,0.4142,1.8637
815,19,128,11,96,9,204,9,385,10,25.175,1.6245,47.24,0.60173,53.289,3.3113,13.297,2.6864,33.392,10.532,815.17,0,19.149,0.4,1.0397
848,16,123,8,98,6,223,11,403,12,26.32,1.1152,47.549,1.2558,55.42,3.3958,22.492,8.2258,62.913,10.267,848.47,0,15.859,0.4142,1.1269
922,36,138,6,112,13,202,13,469,30,21.942,1.9966,50.854,1.6879,43.289,5.1912,23.794,8.4182,25.857,6.6475,922.47,0.27273,36.282,0.42361,1.4143
900,53,130,12,105,10,230,12,433,42,25.257,2.1961,48.097,2.3613,52.738,7.0901,32.586,8.4467,52.528,6.2607,901.04,0.33333,52.915,0.1875,1.0986
880,20,115,10,125,10,210,12,427,12,24.251,1.4369,48.484,0.65625,50,2.381,20.922,0.2538,17.266,1.0274,880.15,0,20,0.3125,1.0986
560,0,120,0,93,12,120,0,230,14,21.429,0,41.071,2.5254,52.273,3.2141,11.444,2.2073,22.808,11.117,560,0,0,0.44444,-0
600,28,120,20,127,12,120,35,200,0,23.359,1.1012,33.37,1.5731,70,0,0,0,56.35,33.129,600.33,0,28.284,0.44444,0.69315
806,28,118,13,115,18,213,15,360,16,26.278,2.2799,44.673,0.96394,58.875,5.6079,27.698,4.4197,23.483,4.2268,806.12,0.14286,27.603,0.23438,1.4751
841,48,129,12,102,9,208,13,402,34,24.808,1.5579,47.716,1.9149,52.157,4.9245,30.459,11.96,44.59,8.9378,841.87,0.30769,48.447,0.21937,2.1617
650,28,127,14,94,9,154,14,274,16,23.761,1.9818,42.225,1.7884,56.428,5.8648,34.404,9.5686,51.768,13.312,650.41,0.18868,28.181,0.29252,1.6897
1087,62,129,16,89,16,226,10,643,48,20.899,1.216,59.177,2.1559,35.396,3.0343,37.191,19.711,66.841,14.798,1088.1,0.33333,61.536,0.28571,1.7918
737,52,128,14,100,11,160,11,348,33,21.761,1.2959,47.222,1.7639,46.172,3.6117,23.514,9.4362,42.961,10.495,738.29,0.23913,51.692,0.31507,1.9707
931,38,134,11,101,7,262,10,435,32,28.078,0.89719,46.691,1.6492,60.239,3.46,19.034,5.6749,36.091,9.2443,931.31,0.13889,38.093,0.29072,1.887
752,39,121,15,107,11,162,16,362,30,21.505,1.8283,48.083,1.9792,44.788,4.138,41.335,12.528,29.656,8.6156,753.44,0.11111,39.147,0.24055,1.9248
747,48,116,17,107,17,216,23,310,24,28.959,2.356,41.501,2.1106,70.018,7.3407,48.703,11.486,43.885,13.689,748.78,0.25,48.049,0.20642,1.7277
670,14,140,0,87,12,180,0,260,0,26.872,0.5672,38.815,0.81929,69.231,1.4211e-14,18.584,2.5867,74.706,30.753,670.07,0,14.142,0.44444,0.69315
1348,34,138,10,106,11,245,9,859,36,18.179,0.73871,63.702,1.4457,28.57,1.6936,18.334,5.6577,16.316,3.2959,1348.7,0.041667,33.837,0.176,1.8314
853,42,120,0,115,10,235,10,380,35,27.356,1.0559,44.475,1.9683,61.64,4.7839,32.266,23.547,54.25,24.691,854.01,0.33333,41.633,0.3125,1.0986
1086,22,135,9,113,15,230,11,611,20,21.31,0.69069,56.322,1.6657,37.889,2.2556,18.283,4.7726,26.729,4.4918,1085.9,0,22.254,0.26562,1.3518
1017,59,138,18,124,16,94,22,664,45,9.1436,1.9617,65.297,3.249,14.156,3.6079,72.589,18.516,45.468,10.4,1018.6,0.24242,58.975,0.059689,2.1831
895,94,141,19,127,19,209,27,417,58,23.381,1.7462,46.487,2.7132,50.561,5.8346,27.665,14.851,27.625,17.609,899.97,0.40541,94.446,0.24861,2.1911
1007,120,131,23,129,20,234,30,507,80,23.669,3.187,50.209,3.3356,47.665,9.6649,44.043,11.297,22.497,6.674,1012.7,0.5,120.44,0.2449,1.7918
980,49,148,23,112,11,196,17,515,44,20.413,1.4447,52.522,3.1794,38.97,3.6361,57.591,8.5926,39.27,8.798,980.92,0.25,48.99,0.16,1.0397
856,17,123,8,103,8,230,11,400,0,26.628,0.93937,46.743,0.90858,57,2.7386,32.841,10.717,35.445,10.794,856.13,0,16.733,0.30556,1.0549
1053,70,130,12,100,16,190,20,627,95,18.501,3.4496,59.275,5.3827,31.765,9.1635,22.942,16.629,0,0,1054.9,0.33333,70.238,0.1875,1.0986
927,115,140,16,120,16,225,10,447,83,24.601,1.6973,47.989,3.4576,51.573,6.7614,17.828,10.931,18.142,6.737,931.45,0.33333,115.47,0.3125,0.63651
983,36,133,14,104,12,206,16,539,27,20.903,1.451,54.855,1.7642,38.18,3.4501,32.038,7.5209,55.572,11.037,983.34,0.13636,35.615,0.24575,1.8224
947,31,130,12,110,12,220,0,493,50,23.255,0.74329,52.04,3.7722,44.914,4.6967,27.397,11.57,19.451,1.4513,947,0,30.551,0.3125,1.0986
770,14,127,12,87,12,200,0,360,0,25.978,0.47713,46.761,0.85883,55.556,7.1054e-15,20.199,4.6285,26.471,2.8117,770.06,0,14.142,0.44444,0.69315
852,59,116,28,111,17,212,18,412,29,24.929,2.454,48.432,2.4347,51.651,6.1905,53.928,17.003,29.142,6.8803,854.3,0.30769,59.048,0.22437,2.1999
848,77,141,10,101,13,171,19,436,45,20.153,1.1004,51.337,1.6806,39.335,3.069,11.762,4.6451,41.225,15.064,851.61,0.27586,76.628,0.29444,1.9957
849,51,123,7,93,10,179,11,455,33,21.079,0.83298,53.533,1.0979,39.403,1.9951,5.3116,1.5071,33.063,6.7109,850.61,0.22857,50.723,0.38503,2.1461
773,23,120,16,95,10,215,10,353,12,27.588,1.318,45.702,1.4494,60.458,4.61,43.484,14.316,54.722,15.254,773.56,0,23.094,0.3125,0.63651
756,129,110,33,103,29,200,22,336,50,26.658,1.9502,44.767,4.2432,59.991,7.4981,46.273,25.265,38.195,11.238,764.77,0.2,129.15,0.19444,1.3322
765,27,131,14,101,11,174,19,359,22,22.761,2.3844,46.947,2.5057,48.866,8.0795,35.43,9.1656,47.568,13.149,765.46,0.13636,26.98,0.21827,1.651
850,14,140,0,107,12,180,20,430,14,19.989,1.3312,50.581,0.82222,39.502,1.9897,23.205,1.1618,27.501,3.3991,850.06,0,14.142,0.22222,0.69315
969,98,135,16,115,16,202,20,515,70,20.904,1.5779,53.044,2.6196,39.588,4.525,23.713,13.43,28.998,14.415,973.41,0.33333,97.653,0.23309,2.1183
913,64,135,30,115,19,225,19,433,50,24.086,1.3294,47.378,3.2055,50.877,1.5193,41.154,7.6554,44.992,3.4344,914.84,0.33333,64.291,0.5625,1.0986
855,81,124,36,108,23,64,17,555,30,7.5431,1.8233,65.316,6.6364,11.796,3.7122,66.631,15.331,76.37,12.711,857.85,0.5,80.623,0.24,1.3863
832,37,120,18,114,18,218,19,379,28,26.186,2.3217,45.487,2.2472,57.751,6.1281,35.699,9.9658,45.359,12.737,832.52,0.17073,37.142,0.34864,1.9138
920,0,120,20,100,0,200,0,510,14,21.739,0,55.435,1.5372,39.231,1.0879,10.824,4.3898,22.817,0.43988,920,0,0,0.44444,-0
1228,26,142,12,104,9,233,10,750,21,18.955,1.076,61.096,0.87723,31.045,2.0644,26.628,6.7374,49.468,8.5687,1227.7,0,26.049,0.24691,1.3863
592,33,123,20,103,8,123,15,244,33,20.899,2.0749,41.137,3.8919,51,5.4055,29.703,9.5595,41.412,9.8053,592.76,0.2,33.466,0.25,1.0549
991,49,127,13,117,17,190,10,560,37,19.317,1.5142,56.481,1.3694,34.245,3.1294,26.459,9.3099,20.008,4.261,992.02,0.36364,49.286,0.22917,1.5942
1340,0,130,12,105,10,225,10,873,12,16.915,0.86172,65.174,0.86172,25.951,1.1807,18.079,2.0331,32.178,13.476,1340,0,0,0.3125,-0
801,17,133,15,99,8,201,13,367,16,25.098,1.3499,45.802,1.289,54.818,2.9483,29.463,7.2181,35.362,6.9857,801.34,0,16.539,0.33025,1.0951
1320,40,145,10,105,10,245,10,820,53,18.698,1.0259,62.083,2.2774,30.181,2.6629,32.68,2.0477,41.686,16.923,1320.4,0,40,0.1875,1.0986
897,85,146,15,109,20,203,14,433,47,22.731,1.0542,48.295,1.563,47.158,3.5376,25.62,10.396,29.114,10.189,900.04,0.5,85.245,0.44898,1.7918
723,8,120,0,114,10,191,11,300,0,26.264,1.4113,41.479,0.45974,63.333,3.6515,10.906,2.8357,10.603,1.3729,723.37,0,8.165,0.40816,0.45056
979,34,115,19,131,17,224,19,508,33,22.976,1.9414,51.834,2.2347,44.493,4.9756,51.308,13.176,40.229,8.4654,979.4,0.17647,34.091,0.28408,1.8752
646,20,127,10,99,5,141,13,278,12,21.916,1.7729,43.016,1.3721,51.086,5.3909,20.438,6.0663,28.916,7.4487,645.96,0.09434,19.759,0.29252,1.382
1036,93,129,11,106,17,199,20,601,70,19.305,1.605,57.901,2.6685,33.515,4.2101,18.715,4.4473,26.826,8.6957,1039.7,0.3125,93.358,0.29936,1.8095
808,22,131,10,100,0,200,10,377,16,24.767,1.2977,46.708,1.2823,53.113,3.9233,14.778,2.6119,34.039,10.77,808.1,0,21.523,0.34549,1.3349
930,17,129,11,111,11,200,0,490,11,21.511,0.38009,52.691,0.9129,40.833,0.91287,38.106,9.0286,14.325,2.4592,930.13,0,16.733,0.28571,0.86756
860,20,120,16,110,12,210,12,427,23,24.039,1.4409,49.594,1.8064,48.485,2.6243,19.976,9.4492,29.281,2.3817,860.16,0,20,0.3125,1.0986
729,34,123,13,101,12,162,16,344,26,22.219,1.7925,47.127,2.4743,47.304,4.7799,24.808,7.8401,38.25,12.272,730.12,0.31915,33.583,0.38585,1.848
805,19,120,0,100,0,200,0,385,19,24.855,0.59745,47.804,1.2547,52.047,2.6478,6.6574,2.0231,55.203,26.729,805.17,0,19.149,0.64,1.0397
750,14,140,0,87,12,240,0,280,28,32.006,0.60351,37.304,3.0678,86.154,8.7029,37.438,9.3489,78.888,5.3148,750.07,0,14.142,0.44444,0.69315
604,70,130,17,100,13,170,28,204,22,28.37,2.4124,33.836,1.8622,83.889,6.431,31.29,29.572,32.356,8.8224,607.22,0.2,69.857,0.30556,1.3322
1054,137,132,19,106,26,202,31,614,91,19.147,1.4707,58.149,2.7469,33.077,3.7994,29.35,11.46,51.428,21.059,1062.1,0.36364,136.82,0.28355,2.1498
699,66,123,18,109,17,184,13,283,38,26.367,2.1633,40.437,2.5437,65.658,8.766,22.462,21.729,19.171,11.812,701.82,0.27778,65.967,0.26593,1.7502
792,30,125,13,124,12,247,13,294,19,31.307,1.0673,37.13,2.1784,84.628,6.5015,30.845,6.0259,19.338,5.4239,792.51,0.1,30.111,0.24793,1.1935
787,23,125,19,115,19,200,0,340,20,25.439,0.75967,43.246,2.8139,58.96,3.4742,39.067,11.298,32.937,8.7394,786.89,0,23.094,0.3125,0.63651
900,28,127,12,120,0,207,12,450,14,22.233,0.69872,50,0,44.466,1.3974,34.609,11.252,30.28,2.0076,900.22,0,28.284,0.22222,0.69315
992,58,123,8,103,8,227,10,544,52,22.607,0.75369,54.749,2.1352,41.375,2.8556,19.958,5.2658,41.275,24.276,993.34,0.2,57.619,0.19444,1.3322
510,11,123,8,94,10,126,10,170,11,24.205,1.9133,33.308,1.4325,72.917,8.2285,18.702,9.1375,34.105,17.935,510.1,0,10.954,0.28571,0.69315
710,82,123,25,110,22,181,23,295,39,25.574,3.0893,41.634,2.6949,61.879,9.8283,23.252,16.139,21.457,12.024,714.17,0.3125,81.683,0.26072,1.9977
1188,37,138,13,119,17,246,23,686,40,20.628,1.7969,57.793,2.9659,35.922,5.0233,26.281,6.396,42.707,9.5704,1188.4,0.14286,36.652,0.35196,1.9178
1270,14,120,0,107,12,213,31,810,14,18.105,0.91194,63.777,0.40336,28.384,1.2504,35.887,14.06,29.402,9.5997,1270,0,14.142,0.22222,0.69315
820,18,134,10,106,10,186,10,393,10,22.763,1.1244,47.967,0.63275,47.456,2.2371,18.763,2.5905,23.074,2.9594,820.16,0,17.889,0.28571,1.0986
900,0,127,12,113,12,220,20,440,28,23.333,1.5713,48.889,3.1427,47.93,6.2952,25.008,4.5275,22.022,0.81828,900,0,0,0.22222,-0
1103,37,126,12,115,9,259,12,602,41,23.588,0.9059,54.529,2.3509,43.382,3.2547,22.141,5.375,37.535,8.248,1103.1,0.083333,36.505,0.2752,1.9356
1290,42,140,0,100,0,227,12,820,57,17.857,1.6836,63.528,2.2958,28.175,3.6684,5.083,0.32045,15.342,2.6407,1290.3,0,42.426,0.22222,0.69315
965,31,140,15,97,13,218,12,510,25,22.605,1.1549,52.86,1.7087,42.819,2.8197,31.146,10.89,61.409,15.145,965.16,0.066667,31.375,0.26431,1.8006
800,0,127,12,113,12,187,12,380,0,22.5,0,47.5,0,47.368,0,19.587,0.052457,11.373,1.1847,800,0,0,0.22222,-0
921,29,129,12,103,10,224,14,465,25,24.315,1.6175,50.508,1.7238,48.259,4.4069,23.046,5.7853,37.735,9.2708,921.17,0.14815,28.545,0.30995,1.6754
980,43,132,11,108,11,216,17,520,43,22.429,0.78978,52.991,2.1308,42.346,1.1721,21.445,8.0876,22.888,7.1294,980.71,0.25,43.205,0.48,1.3863
1130,14,147,12,127,12,280,0,580,28,24.781,0.31013,51.316,1.8608,48.333,2.357,15.341,2.3764,17.758,5.7887,1130,0,14.142,0.22222,0.69315
960,0,133,12,120,20,227,12,480,0,23.958,1.4731,50,0,47.917,2.9463,23.881,7.4871,13.919,0.26347,960,0,0,0.22222,-0
740,20,130,12,100,0,200,0,307,12,27.04,0.73108,41.437,0.80714,65.278,2.4056,19.631,11.068,31.55,4.5482,740.18,0,20,0.3125,1.0986
841,38,130,10,94,9,159,6,458,26,18.972,0.77332,54.458,1.263,34.871,1.9201,7.3585,3.2625,29.515,9.0758,842.01,0.20588,38.12,0.29714,1.9633
1096,95,131,13,123,12,195,24,647,72,17.787,1.7857,58.911,2.5322,30.339,4.1324,26.243,10.351,24.904,3.5349,1099.8,0.33333,94.778,0.28516,1.9338
1020,57,120,0,127,12,233,23,560,57,21.602,1.198,54.832,2.505,39.487,3.9888,35.772,0.20173,52.78,1.1743,1020.8,0,56.569,0.44444,0.69315
931,45,125,10,116,8,203,11,487,40,21.888,1.3227,52.228,2.0005,42.024,3.7872,37.111,5.1189,17.738,3.0087,932.49,0.10714,45.356,0.24019,1.9465
816,32,134,13,90,11,218,13,373,23,26.704,1.7055,45.709,1.6023,58.554,5.1495,25.721,6.7625,64.573,16.287,816.63,0.14286,32.467,0.31404,1.8438
1480,106,124,25,100,9,214,10,1038,97,14.455,0.83466,70.042,2.2707,20.674,1.6068,33.27,18.754,40.607,17.442,1483.4,0.33333,106.3,0.23,1.8892
776,26,133,10,110,17,187,10,344,17,24.256,1.7559,44.314,0.83532,54.779,4.4877,40.04,13.141,54.744,19.152,776.35,0,26.077,0.36111,1.3322
910,14,120,0,113,12,233,12,450,42,25.29,1.9471,49.42,3.8942,51.488,7.997,22.133,3.389,40.756,17.725,910.05,0,14.142,0.44444,0.69315
820,23,137,11,95,15,162,10,426,21,19.794,1.2266,51.926,2.2894,38.257,3.7383,23.875,7.7336,64.444,14.712,820.32,0.057143,23.263,0.18287,1.5088
1094,16,142,11,105,9,244,8,604,13,22.306,0.78163,55.213,0.98774,40.418,1.7836,24.089,5.6691,32.086,3.8015,1094.1,0,16.465,0.44628,1.0889
851,16,130,21,105,9,75,14,540,37,9.0424,1.5022,63.45,4.5483,14.462,3.6159,47.708,9.0361,63.568,19.989,851.55,0,15.736,0.20312,0.79631
622,29,128,11,94,11,185,12,216,13,29.689,0.97795,34.64,1.1941,85.819,4.3443,6.0474,1.1228,57.412,19.529,622.9,0.074074,29.246,0.2995,1.4801
853,12,135,10,100,0,160,0,460,0,18.752,0.25575,53.913,0.73527,34.783,5.0243e-15,10.456,1.6125,31.977,13.211,853.39,0,11.547,0.1875,0.63651
1120,0,120,20,120,20,273,23,620,28,25,2.5254,55.357,2.5254,45.312,6.6291,37.248,4.2064,48.128,8.1753,1120,0,0,0.22222,-0
985,106,140,14,100,14,240,14,510,77,24.469,1.7328,51.617,2.5951,47.62,5.7459,39.811,14.666,57.702,33.108,989.29,0.25,106.3,0.24,1.3863
825,18,124,9,100,10,204,9,400,11,24.543,0.52668,48.482,0.5708,50.627,1.1621,7.5566,2.6145,50.077,11.878,825.17,0.125,17.728,0.41975,1.0735
869,46,135,9,95,9,161,10,479,35,18.548,1.0267,55.108,1.6916,33.717,2.5557,8.0827,3.9328,33.952,11.852,869.72,0.14286,45.857,0.32851,1.882
863,21,124,11,111,11,222,9,406,21,25.69,1.0706,47.069,1.6533,54.684,3.6938,22.706,5.0575,21.711,8.4942,862.82,0.051282,21.116,0.30688,1.3937
1100,82,138,13,98,13,248,15,617,78,22.418,1.8341,55.928,2.951,40.295,5.1581,29.803,12.685,40.124,9.5493,1102.6,0.14286,81.65,0.45312,1.1537
1043,46,129,16,97,8,211,11,607,43,20.448,0.44751,58.091,1.6894,35.23,1.4339,19.855,3.6037,34.699,13.276,1044.2,0.16667,46.332,0.28571,1.7918
1175,101,130,10,117,13,239,21,688,77,20.465,1.4876,58.406,2.1393,35.151,3.6191,14.107,6.1975,15.132,1.4644,1179.4,0.23077,100.72,0.28061,1.9915
1019,60,145,23,96,15,219,15,559,43,21.504,1.5708,54.804,2.6022,39.379,4.2308,37.711,9.4589,68.88,15.226,1021.1,0.36364,60.309,0.18426,2.1631
736,17,134,10,90,10,174,10,337,10,23.558,1.3498,45.839,1.1807,51.443,3.5142,14.617,3.0121,38.921,9.0505,736.19,0,17.238,0.30078,1.0606
1015,30,136,12,106,9,204,10,568,31,20.125,0.88391,55.986,1.6891,35.98,1.9551,30.025,9.5093,42.065,11.64,1015.2,0.10526,30.435,0.2825,1.7637
813,27,129,16,103,8,171,11,410,24,20.891,0.89224,50.387,1.8423,41.487,1.8875,34.83,10.92,50.26,10.885,813.72,0.16667,27.325,0.32653,1.3297
770,17,140,12,89,11,217,8,327,10,28.132,0.61761,42.43,1.2167,66.36,2.7389,11.258,2.9718,72.805,12.04,770.15,0,16.733,0.40816,0.86756
1100,113,134,19,123,17,207,22,635,85,18.866,1.6125,57.64,3.3004,32.962,4.5254,21.037,7.9933,12.607,3.0007,1105.6,0.42308,113.14,0.28532,1.9241
1214,39,138,11,131,14,199,17,742,43,16.57,1.4597,61.062,1.8585,27.216,3.088,37.326,8.2721,24.449,4.0665,1214.5,0.043478,38.816,0.20312,1.8735
798,44,134,9,97,11,187,11,380,26,23.478,0.94597,47.583,1.0602,49.381,2.6076,13.639,3.9583,39.491,7.6851,799.37,0.24242,44.262,0.32612,2.1026
740,28,133,12,100,0,220,0,290,14,29.751,1.1372,39.181,0.41351,75.952,3.7039,11.44,2.3224,37.309,4.1721,740.27,0,28.284,0.22222,0.69315
677,65,118,18,106,19,199,22,254,32,29.444,2.6082,37.582,3.098,79.14,11.986,24.683,10.647,30.278,20.24,679.82,0.2449,65.364,0.2292,1.908
740,32,140,18,100,13,237,23,264,22,32.405,2.7375,35.639,1.8369,91.19,10.227,38.271,7.113,51.627,15.577,740.54,0.2,31.623,0.25,1.6094
936,59,143,15,100,13,240,13,456,48,25.667,1.1933,48.636,2.2634,52.876,3.688,40.543,14.215,57.434,22.796,937.49,0.2,58.992,0.25,1.0549
880,35,121,5,119,14,239,15,401,32,27.155,2.048,45.553,2.0118,59.827,6.5226,22.627,3.7141,20.02,4.6128,880.67,0.26667,35.456,0.41797,1.8414
768,67,128,22,104,18,180,30,356,40,23.32,3.007,46.464,3.8038,50.859,10.258,55.75,16.296,64.029,16.593,770.55,0.27273,66.712,0.16691,1.7074
906,44,119,20,111,16,225,18,447,38,24.996,1.2576,49.298,2.717,50.867,3.991,56.305,11.81,44.204,9.5333,907.01,0.13514,44.438,0.23199,2.0917
743,26,126,9,100,0,143,11,374,22,19.266,1.5127,50.278,1.5585,38.404,3.8646,11.824,3.2442,15.199,5.1968,743.48,0.076923,25.621,0.22959,1.4181
880,16,132,11,100,0,168,11,480,16,18.768,1.4541,54.534,0.84403,34.449,3.1834,12.234,1.8077,32.452,14.193,880.11,0,16.33,0.4,1.0397
823,38,129,13,101,11,198,10,396,26,24.032,1.6262,48.099,1.2734,50.01,3.8314,15.612,4.1487,29.84,10.121,823.47,0.2,37.696,0.34766,1.8065
810,14,140,0,113,12,193,12,360,0,24.695,0.43116,44.451,0.77609,55.556,7.1054e-15,24.445,1.5928,24.828,8.9993,810.06,0,14.142,0.44444,0.69315
1724,192,130,11,117,15,207,16,1268,192,11.988,2.018,73.283,3.0921,16.463,3.4554,26.478,5.7387,31.271,5.128,1732.5,0.2,191.52,0.25,1.3322
794,28,121,15,106,11,141,15,426,20,17.711,1.7854,53.611,1.8886,33.102,3.7568,31.175,14.103,32.357,13.055,794.36,0.11111,27.803,0.18408,1.6433
945,49,129,15,108,13,171,19,538,46,18.055,2.2118,56.822,2.6381,31.984,5.147,24.61,11.67,26.425,9.2027,946.36,0.17143,48.59,0.24151,1.9727
830,40,121,20,103,18,235,18,369,29,28.45,2.7515,44.444,2.4231,64.372,8.7926,52.223,10.815,65.834,18.132,830.94,0.13636,40.356,0.17769,1.7717
790,14,147,12,100,0,227,12,320,0,27.853,0.4986,40.513,0.72524,68.75,1.4211e-14,17.622,7.2187,40.01,3.6876,790.06,0,14.142,0.22222,0.69315
851,57,129,11,108,12,205,11,409,42,24.118,1.2943,47.973,1.9888,50.407,4.0774,21.869,12.353,23.851,8.5066,852.46,0.17647,57.258,0.3249,1.8795
1172,40,128,12,125,15,215,22,706,35,18.274,1.7315,60.201,2.2917,30.47,3.7955,68.577,11.349,30.897,7.3604,1173,0.19048,39.737,0.15496,1.9796
980,20,125,10,105,10,265,19,487,42,26.566,2.5835,49.618,3.3139,53.93,8.8996,33.769,6.1863,26.766,5.8076,980.14,0,20,0.1875,1.0986
967,48,132,10,108,14,188,10,536,31,19.565,1.1287,55.386,1.0092,35.332,2.0685,22.539,8.6332,21.982,4.4809,967.72,0.11111,47.958,0.27,1.8892
770,96,127,24,105,23,192,26,348,53,24.951,2.757,45.13,3.575,55.894,9.7912,21.291,15.615,20.041,6.76,776.29,0.36364,96.109,0.26469,2.1745
740,0,140,0,93,12,227,12,280,0,31.081,1.9111,37.838,0,82.143,5.0508,13.517,3.9156,56.562,8.0136,740,0,0,0.44444,-0
950,61,135,14,114,14,177,16,523,57,18.675,2.0568,54.876,2.7954,34.245,4.9975,27.725,6.4953,28.366,4.7293,951.86,0.3,60.515,0.31842,2.2489
836,38,132,13,110,16,202,13,393,38,24.122,1.5075,46.931,2.9794,51.742,6.0845,18.811,5.4234,23.079,9.1478,836.83,0.2,37.676,0.25104,1.973
1125,19,136,9,96,9,260,14,630,35,23.124,1.6839,55.976,2.2821,41.449,4.7294,22.988,2.1089,45.454,8.2528,1125.1,0,19.149,0.24,1.0397
787,31,145,19,100,28,250,12,280,20,32.207,0.97795,35.564,1.2219,90.611,3.4265,49.478,0.10685,53.026,1.991,787.06,0.33333,30.551,0.3125,1.0986
1105,96,136,26,104,22,148,18,710,82,13.614,1.9084,64.147,2.5214,21.33,3.7951,19.513,6.4951,51.981,25.283,1108.1,0.25,95.743,0.32,1.3863
776,31,118,18,110,15,159,19,389,22,20.368,2.2719,50.155,2.2344,40.784,5.8288,46.013,15.019,33.243,7.1555,776.87,0.11628,30.63,0.25671,1.7953
1036,41,130,11,108,14,234,13,569,43,22.353,1.4537,54.87,2.1403,40.878,4.2756,30.952,8.4173,34.905,5.7439,1036.3,0.11111,40.961,0.19,1.1491
1034,34,141,14,103,13,182,15,606,33,17.634,1.5389,58.656,2.0522,30.135,3.2826,26.992,7.3093,52.578,11.515,1034.1,0.14286,33.578,0.19738,1.849
987,12,140,0,100,0,240,16,500,20,25.007,1.3422,50.667,1.541,49.44,4.1961,29.565,8.2949,46.944,22.481,986.71,0,11.547,0.3125,0.63651
1034,52,133,10,101,4,217,7,583,48,21.062,1.2985,56.309,1.9778,37.518,3.5551,16.865,5.5448,20.651,5.7627,1034.8,0.28571,52.226,0.37099,2.1536
910,42,120,0,100,0,200,0,490,42,22.002,1.0258,53.796,2.1541,40.97,3.5474,17.214,7.1184,20.785,6.4747,910.49,0,42.426,0.22222,0.69315
665,40,137,17,90,13,193,13,245,18,28.999,1.7745,36.891,1.6928,78.779,6.2907,25.737,7.7493,54.541,9.034,666.55,0.18182,40.091,0.36806,1.5157
1696,118,127,10,110,11,200,22,1252,101,12.064,1.4149,73.786,1.6495,16.388,2.2701,29.129,27.848,40.538,6.2408,1699.3,0.2,117.81,0.41667,1.6094
967,50,134,10,111,11,191,11,530,52,19.684,1.293,54.734,2.692,36.114,3.9706,31.63,5.5176,30.368,4.0027,967.75,0.16667,50.067,0.28571,1.5607
780,35,125,10,120,16,215,19,313,31,28.176,1.5975,40.113,2.3331,70.256,1.3699,25.451,10.652,24.741,3.517,780.51,0,34.641,0.3125,0.63651
972,52,136,14,104,8,202,13,530,49,20.836,1.5132,54.412,2.3193,38.421,3.9519,24.243,12.483,29.986,9.4361,973.55,0.22222,52.306,0.39889,2.1391
980,28,120,0,120,24,256,17,485,34,25.505,0.72161,49.459,2.4624,51.636,2.1564,31.658,9.3882,24.45,2.1365,980.31,0.25,28.284,0.4,1.0397
881,34,119,5,113,10,213,15,435,27,24.315,1.7574,49.369,1.5772,49.371,4.8184,15.687,9.4563,9.3876,2.6992,881.8,0.17647,34.257,0.29321,1.8239
831,41,126,10,101,10,232,12,372,34,27.882,1.7556,44.708,2.1243,62.619,6.407,28.033,8.8371,33.082,10.348,832.38,0.095238,40.778,0.34504,1.8982
790,34,131,10,98,6,193,10,368,29,24.319,1.1963,46.526,1.837,52.383,3.9226,17.587,3.8607,32.101,9.6702,790.67,0.1,34.319,0.38017,1.6434
978,41,138,7,102,9,243,13,496,36,24.79,1.1847,50.647,1.9911,49.092,4.1283,25,4.6773,45.053,9.9469,979.08,0.11765,41.302,0.39673,1.8553
1990,42,127,12,107,12,213,12,1540,57,11.058,0.23575,77.374,1.193,14.295,0.52511,16.002,6.6661,34.56,5.2121,1990.2,0,42.426,0.44444,0.69315
840,0,120,0,100,0,220,0,400,0,26.19,0,47.619,0,55,0,5.339,0.12632,44.897,25.913,840,0,0,0.44444,-0
802,63,132,13,105,14,138,24,427,51,17.077,2.0906,53.133,2.916,32.208,4.0827,39.831,9.906,45.315,9.7223,804.35,0.35714,63.37,0.22174,2.1137
880,0,147,12,93,12,240,0,400,0,27.273,0,45.455,0,60,0,11.973,1.2089,35.927,0.9703,880,0,0,0.44444,-0
852,43,134,24,94,13,195,15,430,39,22.971,2.3824,50.437,2.9215,45.805,6.6446,28.976,14.388,59.982,15.284,852.66,0.16667,43.029,0.31953,1.9356
835,32,145,17,93,10,205,19,391,24,24.411,2.2773,46.833,2.0888,52.324,6.3172,45.321,6.1526,78.272,14.428,835.12,0.090909,32.362,0.21528,1.6726
843,17,135,14,108,15,83,23,526,28,9.309,1.8719,62.396,3.437,15.097,4.0977,47.104,12.904,69.866,14.644,843.02,0,17.289,0.23111,1.079
874,56,125,9,110,15,243,20,397,50,27.772,1.5048,45.302,3.365,61.666,6.4738,37.464,10.37,53.294,19.432,875.83,0.14286,56.231,0.35938,1.5498
768,11,127,10,100,0,213,10,328,11,27.611,1.5397,42.699,0.81308,64.706,4.2479,42.104,11.985,19.824,2.8686,768.06,0,10.954,0.30556,0.67301
1020,0,147,12,100,0,100,0,670,14,9.8039,0,65.686,1.3865,14.929,0.31511,17.35,1.0842,54.787,15.052,1020,0,0,0.22222,-0
981,46,140,18,101,12,197,15,543,45,20.074,1.7349,55.308,2.518,36.406,4.0337,31.393,8.0647,52.702,9.7164,982.12,0.11111,45.747,0.22715,1.956
884,95,130,14,100,16,210,22,443,61,23.853,1.9011,50.015,2.5,47.941,5.7306,19.161,5.6547,24.834,8.9253,888.66,0.34211,95.165,0.29323,1.7798
897,39,138,13,108,15,233,10,417,34,26.123,0.63862,46.464,2.6134,56.36,3.2247,37.361,9.0673,36.436,10.113,897.87,0.14286,39.036,0.32812,1.4751
767,23,130,12,80,0,220,0,333,12,28.713,0.88023,43.474,0.20005,66.054,2.3349,13.964,3.6619,62.227,4.8975,766.9,0,23.094,0.1875,0.63651
533,16,125,9,82,6,137,8,191,10,25.602,1.4182,35.825,1.3411,71.616,5.6952,14.909,4.8795,37.927,15.345,532.95,0.090909,16.181,0.29861,1.121
965,51,122,17,109,16,223,20,512,55,23.144,1.8142,52.965,4.1669,44.124,6.7424,37.292,19.655,48.233,12.332,966.21,0.16667,50.543,0.24852,1.7482
1117,43,129,16,117,18,223,14,647,55,19.986,0.74755,57.843,3.2227,34.637,2.2002,29.948,3.4183,38.557,9.7793,1117.3,0,42.74,0.32653,1.5607
820,0,133,12,107,12,193,12,380,28,24.39,0,46.341,3.4493,52.778,3.9284,20.572,2.5047,19.919,1.7992,820,0,0,0.22222,-0
887,66,132,12,110,13,219,16,430,52,24.553,1.5904,48.318,2.3199,50.984,4.7622,21.334,7.6877,20.187,6.6569,889.64,0.27273,66.346,0.27599,2.0238
950,14,120,0,127,12,233,12,480,0,24.202,1.1284,50.532,0.75224,47.917,2.9463,20.241,6.5418,20.402,0.22739,950.05,0,14.142,0.22222,0.69315
835,40,139,10,110,17,180,12,406,33,21.58,1.4818,48.593,2.0936,44.504,3.7921,18.392,7.0955,18.293,7.823,835.93,0.1875,40,0.23324,1.9748
882,49,125,15,119,14,172,12,465,44,19.499,1.76,52.615,2.4897,37.228,4.5508,22.289,4.7515,29.249,5.8224,883.18,0.19048,48.541,0.36157,1.7519
760,0,147,31,107,31,233,12,280,0,30.263,1.8608,36.842,0,82.143,5.0508,37.833,12.723,54.076,0.067401,760,0,0,0.44444,-0
854,76,128,10,92,10,173,10,463,60,20.335,1.591,54.008,2.4248,37.817,4.4019,17.512,3.3322,34.443,7.465,857.44,0.35714,76.23,0.33778,1.8712
870,14,140,0,100,0,160,0,470,14,18.393,0.29899,54.017,0.74747,34.058,1.0248,14.199,2.044,31.335,7.6974,870.06,0,14.142,0.22222,0.69315
830,66,131,10,115,15,222,17,365,39,26.76,1.7223,43.9,1.8904,61.19,6.3088,36.552,12.532,31.028,17.96,832.43,0.33333,66.332,0.27219,1.8637
840,28,123,17,108,12,249,18,360,23,29.564,1.9857,42.837,1.9559,69.229,6.533,47.535,12.588,38.201,9.1999,840.45,0.097561,27.928,0.28288,1.666
1074,48,136,10,101,4,228,10,608,40,21.334,0.99309,56.587,1.4987,37.762,2.639,16.513,3.2967,26.489,8.5587,1074.6,0.28,47.861,0.40089,2.0443
900,28,127,12,113,12,293,12,370,14,32.213,0.55898,41.107,0.27949,78.363,0.82703,43.145,9.2997,37.001,7.5738,900.22,0,28.284,0.22222,0.69315
1095,19,144,9,124,9,68,11,765,25,6.3982,1.092,69.852,1.3053,9.183,1.7269,48.526,3.8914,35.512,7.8528,1095.1,0,19.149,0.32,1.0397
761,40,105,9,111,10,248,13,296,24,32.702,1.9932,38.793,1.4988,84.543,7.8446,31.062,5.8635,20.091,3.4934,762.38,0.28571,39.586,0.30222,1.8712
680,113,133,12,113,31,127,46,270,42,20.175,4.9622,39.737,0.37216,50.833,12.964,43.085,12.026,30.973,15.414,684.69,0.5,113.14,0.22222,0.69315
865,42,125,12,120,9,212,18,409,38,24.355,1.6445,47.193,2.4692,51.743,4.546,18.684,5.5784,17.904,3.188,866.38,0.27273,42.039,0.28472,1.8462
953,24,130,10,114,15,214,11,495,19,22.597,1.1356,51.969,1.3255,43.501,2.3444,21.597,6.8355,20.126,7.5469,953.24,0.058824,24.435,0.34877,1.5336
1126,79,134,9,108,11,239,7,646,71,21.271,1.5113,57.18,2.4089,37.355,4.0805,23.846,4.5794,21.333,3.7912,1129.1,0.35714,79.266,0.3044,2.199
850,28,129,11,117,8,160,12,443,23,18.813,1.154,52.134,1.3255,36.109,2.452,28.375,10.094,33.029,5.5385,850.37,0.16667,27.568,0.28571,1.2425
924,110,126,12,103,24,178,26,517,74,19.257,1.8371,55.848,3.0523,34.699,4.7689,23.697,6.1894,20.279,7.3037,930.18,0.27778,109.53,0.20599,2.1914
1740,226,120,20,107,12,240,20,1290,212,13.278,0.91392,73.971,2.5722,17.982,1.8608,42.646,3.1248,61.822,4.4278,1747.3,0.5,226.27,0.44444,0.69315
759,23,118,9,109,14,153,10,379,23,20.305,1.3539,49.912,2.1235,40.787,3.6968,25.476,7.7236,21.655,6.4787,759.33,0.1,22.919,0.29478,1.4964
1063,65,136,11,101,14,238,10,587,65,22.539,1.6596,55.054,2.8748,41.154,4.8887,30.801,7.6644,48.022,17.721,1064.5,0.13333,65.407,0.23828,1.8414
910,26,140,14,112,18,208,11,445,34,23.103,1.67,48.852,2.4327,47.487,5.6145,21.126,8.2649,27.388,3.1405,910.27,0,25.82,0.24,1.3863
1160,28,153,12,100,0,213,12,690,14,18.094,0.77796,59.486,0.23129,30.42,1.4261,9.4965,3.2958,21.277,3.2401,1160.2,0,28.284,0.44444,0.69315
654,34,129,13,101,8,106,12,318,23,16.212,1.6541,48.561,1.7943,33.454,3.8464,35,13.108,47.876,12.485,654.45,0.14,33.671,0.27374,1.8641
930,12,120,0,108,11,200,14,505,10,20.976,1.2374,54.302,0.87025,38.654,2.6923,15.495,2.8519,21.432,4.0862,930.05,0,11.547,0.32,0.69315
814,15,135,9,98,13,198,13,380,26,24.56,1.3166,46.655,2.7966,52.93,5.9647,39.879,12.449,67.168,15.148,814.41,0,15.119,0.20312,1.0042
669,45,121,11,103,9,161,15,283,26,24.142,1.7046,42.246,1.5483,57.251,5.0026,19.414,5.5092,26.983,8.6813,670.33,0.2963,44.836,0.24107,1.9914
885,10,128,11,104,9,208,11,445,10,23.169,1.2435,50.278,0.55556,46.097,2.7639,14.501,2.138,27.898,2.2253,885.04,0,10,0.32,0.56234
795,19,133,14,100,7,204,13,359,16,25.665,1.4688,45.127,1.4369,56.916,3.6107,30.537,6.0776,40.772,5.335,794.88,0.066667,19.223,0.29297,1.2635
732,52,123,11,109,13,203,14,296,34,27.822,1.6682,40.415,2.0146,69.113,6.6846,17.696,5.2165,18.556,5.5168,733.36,0.22222,51.96,0.26323,2.1489
891,29,132,10,102,7,237,11,419,22,26.604,1.1525,46.994,1.2098,56.678,3.41,12.051,2.6232,19.028,2.9893,891.09,0.09375,29.175,0.35078,1.6865
987,138,126,12,95,27,195,33,572,80,19.641,1.6657,58.009,2.3911,34.004,4.0122,12.831,6.8659,24.134,15.602,995.99,0.39394,138.08,0.20329,2.0074
715,96,131,20,107,22,149,33,328,38,20.764,2.2302,45.979,3.155,45.569,7.6867,42.165,22.1,60.73,16.584,720.62,0.25,96.065,0.17284,1.7329
1022,42,124,10,114,13,213,11,571,34,20.879,1.1565,55.842,1.4441,37.423,2.469,11.155,4.5737,12.921,2.6935,1022.4,0.11538,42.303,0.36214,1.9389
838,32,116,13,120,9,214,21,384,30,25.707,2.1436,45.924,3.5419,56.638,9.9873,36.717,21.66,23.964,3.9403,838.33,0.11111,32.318,0.23,1.2149
777,53,128,17,102,10,166,10,380,38,21.442,1.8203,48.9,2.1724,44.007,4.9562,25.783,10.426,26.201,6.1542,778.58,0.27273,52.993,0.2558,2.2379
905,41,129,10,114,10,183,10,478,37,20.271,1.0437,52.787,1.9451,38.489,2.9816,24.393,11.617,31.153,8.5245,905.4,0.16129,40.566,0.29395,1.972
1007,50,137,8,103,8,243,8,527,47,23.891,1.199,52.24,2.1991,45.867,4.0253,14.357,3.3195,15.798,3.0539,1007.7,0.33333,50.067,0.36735,1.5607
748,111,123,23,107,21,77,29,444,57,9.4194,3.0526,59.58,3.158,15.971,5.8565,62.59,13.072,66.1,17.454,754.56,0.6,111,0.30556,1.6094
1030,26,128,11,120,14,240,14,545,34,22.822,1.0093,52.886,2.3575,43.277,3.7948,27.487,3.8325,40.363,7.0365,1030.2,0,25.82,0.24,1.3863
656,66,122,18,111,14,158,21,267,35,24.036,2.4381,40.573,2.3961,59.525,7.6749,21.574,6.7814,28.522,12.319,659.01,0.32692,65.957,0.35386,2.0001
782,27,125,16,108,13,182,14,367,22,23.277,1.8909,46.99,2.1439,49.633,4.5609,36.895,11.175,29.729,7.6793,782.31,0.13953,26.838,0.21023,1.6672
1020,57,127,12,120,20,280,0,490,71,27.493,1.5248,47.921,4.2748,57.744,8.3329,17.058,3.1704,22.231,0.495,1020.8,0,56.569,0.44444,0.69315
654,15,125,9,93,10,180,0,254,10,27.523,0.63017,38.863,1.159,70.879,2.8151,20.052,5.2904,52.567,11.355,654.44,0,15.119,0.23438,1.0042
669,31,129,17,94,12,176,9,272,15,26.235,1.3785,40.724,2.108,64.556,4.3221,19.41,7.4884,53.499,17.016,669.9,0.23077,31.215,0.2602,1.626
830,29,117,10,113,10,218,9,383,24,26.247,1.3508,46.152,1.7047,57.004,4.5173,17.81,5.173,13.385,3.4152,830.79,0.057143,29.254,0.35725,1.7395
504,9,120,0,90,11,97,8,200,0,19.046,1.7351,39.692,0.68802,48,4.4721,6.457,3.5915,19.006,9.5535,504.06,0,8.9443,0.30556,0.5004
860,28,133,23,93,12,213,12,420,28,24.405,0.84179,48.81,1.6836,50,0,21.688,4.047,64.967,10.567,860.23,0,28.284,0.22222,0.69315
910,14,133,23,107,12,220,20,480,28,23.092,1.9129,52.729,2.2887,43.913,5.5339,21.332,4.0843,20.272,1.9256,910.05,0,14.142,0.22222,0.69315
635,19,124,10,97,9,192,12,222,11,30.26,1.7176,34.982,1.3882,86.658,6.3281,32.373,9.9943,41.37,9.3799,635.46,0.055556,19.008,0.22149,1.3218
869,18,127,10,105,9,219,8,418,19,25.251,0.96152,48.095,1.5536,52.567,2.8422,12.07,2.0836,16.455,3.3931,868.76,0,18.402,0.32342,1.2679
1000,28,127,12,100,0,200,20,570,14,19.968,2.2636,57.003,0.19807,35.037,4.0929,37.132,1.5555,54.219,7.3067,1000.2,0,28.284,0.22222,0.69315
1320,29,136,10,112,14,214,9,861,34,16.19,0.80711,65.193,1.3708,24.859,1.6125,28.846,7.3713,30.567,6.6551,1320.3,0,29.439,0.27071,1.6914
870,14,140,20,93,12,160,0,470,14,18.393,0.29899,54.017,0.74747,34.058,1.0248,14.282,0.72193,26.065,0.73173,870.06,0,14.142,0.22222,0.69315
930,52,119,17,120,16,248,19,442,44,26.767,2.3279,47.416,2.8253,56.825,7.4677,47.62,10.373,42.416,10.186,931.43,0.27778,52.263,0.23813,2.1926
846,21,130,12,107,12,198,8,411,20,23.307,0.9447,48.535,1.9908,48.125,3.2164,30.812,8.9483,37.011,6.8858,846.14,0.088235,21.194,0.17959,1.3778
608,81,137,23,107,27,167,35,220,24,25.618,1.7463,36.283,1.5491,70.657,4.84,26.24,15.207,56.529,38.073,612.27,0.2,80.747,0.36111,1.3322
800,67,136,9,100,24,236,9,325,44,29.491,2.1807,40.532,2.9968,73.198,9.386,41.809,4.4282,56.177,11.688,802.12,0.25,67.33,0.24,1.0397
851,17,130,12,98,10,215,12,408,15,25.217,1.4544,47.968,1.3625,52.639,3.7756,26.082,7.5306,45.361,8.7003,851.07,0,17.157,0.40832,1.2232
839,45,129,17,101,18,238,22,369,29,28.431,1.8498,43.952,2.5556,65.075,7.8074,36.359,10.412,52.54,14.686,839.66,0.175,44.696,0.19393,1.6216
980,20,135,10,100,0,205,10,547,31,20.414,0.4167,55.756,1.9986,36.66,2.0159,19.463,5.8243,23.889,5.5166,980.14,0,20,0.1875,1.0986
835,13,136,17,121,11,70,12,509,13,8.2736,1.3964,61.011,1.6915,13.606,2.5136,64.465,8.2692,24.756,4.4677,834.64,0,12.622,0.20416,0.91646
947,23,120,0,120,16,210,12,500,20,21.86,1.7781,52.808,1.1775,41.432,3.8888,30.257,19.288,13.661,4.4511,946.85,0,23.094,0.3125,0.63651
893,37,128,10,93,10,220,9,453,23,24.535,0.66426,50.737,1.132,48.387,1.8783,12.416,2.7433,49.242,16.855,894.07,0.047619,37.059,0.32438,1.4967
984,43,131,10,120,12,200,11,534,34,20.343,1.1177,54.2,1.4357,37.59,2.7948,23.254,5.5658,21.179,5.0172,985.04,0.17241,42.888,0.34333,2.0772
766,35,133,20,105,11,242,32,284,21,32.105,2.6346,37.135,2.8514,87.342,13.59,52.03,13.516,60.783,16.418,767.09,0.15789,35.31,0.1775,1.7362
688,36,123,7,96,8,189,10,279,23,27.566,1.1608,40.503,1.8316,68.281,5.459,11.449,3.5031,21.215,5.9119,688.79,0.34211,35.577,0.39053,1.8338
904,67,123,19,102,20,238,30,442,35,26.239,2.1106,48.98,3.7285,54.117,8.6314,26.109,11.788,30.832,12.287,906.87,0.11111,67.292,0.25274,1.3399
775,30,133,14,93,14,263,18,285,18,34.117,1.8466,36.842,2.3491,93.127,9.5156,53.505,11.338,72.8,12.965,775.99,0.13636,29.557,0.32892,1.6695
1156,96,127,10,117,7,228,10,683,87,19.875,1.4807,58.888,2.9181,33.934,4.1466,12.783,1.5271,15.835,2.964,1159.4,0.35714,95.813,0.31111,1.8712
883,14,135,9,88,10,200,0,460,12,22.658,0.35505,52.1,0.7634,43.502,1.0942,14.259,2.2652,36.746,4.7049,882.95,0,13.801,0.23438,0.9557
833,51,127,11,102,10,194,11,410,38,23.406,1.3193,49.115,1.8641,47.795,4.1232,14.68,7.1263,18.831,5.656,834.03,0.25,51.178,0.37835,2.1244
697,23,129,11,89,11,171,11,310,11,24.881,1.2453,44.505,1.0234,55.972,3.879,18.661,4.8605,65.625,19.002,696.99,0,23.381,0.28571,1.3297
880,57,113,12,107,12,247,12,410,71,28.416,0.2196,46.429,5.0508,61.594,7.1735,24.619,1.9442,39.632,15.555,880.91,0.5,56.569,0.44444,0.69315
867,41,126,12,119,19,179,20,444,41,20.785,2.4316,51.091,3.1834,41.038,6.6864,44.594,12.527,36.243,9.2752,868.35,0.14815,41.193,0.27423,2.0474
961,40,137,12,105,11,239,10,481,36,24.879,1.3888,49.976,1.8762,49.896,4.0082,30.314,5.3008,27.361,6.2061,961.46,0.26667,39.821,0.2872,1.9434
698,29,125,13,111,12,62,21,400,26,8.7779,2.9176,57.39,2.9069,15.525,5.7875,63.542,13.816,36.09,7.8661,698.38,0.15556,29.302,0.30293,1.6493
1169,45,131,20,106,19,274,18,656,36,23.524,1.3012,56.093,2.5436,42.063,3.7163,40.217,10.768,54.457,16.442,1170.1,0.21429,44.715,0.18787,2.0567
953,121,120,16,110,12,205,10,520,111,21.819,1.7825,54.15,4.7035,40.665,6.647,44.195,9.0383,50.191,27.983,958.4,0.33333,120.55,0.1875,1.0986
890,42,127,12,100,20,240,0,430,14,26.997,1.2869,48.332,0.71497,55.844,1.8366,28.128,2.7716,59.284,29.597,890.51,0,42.426,0.22222,0.69315
695,62,122,20,106,11,186,18,281,30,26.886,1.4602,40.409,2.5296,66.93,7.2638,14.682,8.6244,14.13,4.9332,697.69,0.25,62.485,0.3424,1.8067
520,20,130,12,95,19,135,10,147,12,26.95,1.0373,28.283,3.2574,95.833,7.2169,64.748,17.158,68.877,18.394,520.26,0,20,0.1875,1.0986
1134,107,129,15,120,22,204,31,678,79,17.922,2.0258,59.782,3.0403,30.163,4.6301,27.996,7.4428,32.59,7.594,1138.5,0.30769,106.89,0.29082,1.9915
827,31,120,0,105,10,245,10,360,35,29.871,1.9034,43.492,2.6662,69.02,8.3466,30.356,2.0723,46.464,13.065,827.04,0,30.551,0.1875,1.0986
697,48,123,7,103,7,183,13,286,34,26.674,0.88122,40.869,2.1412,65.487,5.1988,17.572,4.1058,20.171,3.3357,698.57,0.28571,48.206,0.23438,1.7479
683,24,120,8,100,0,145,9,320,17,20.987,1.1218,46.81,1.2692,44.91,3.4645,14.237,6.6537,16.632,3.8257,683.72,0.16667,23.868,0.30769,1.4677
933,12,140,16,110,20,180,28,507,31,18.578,3.3039,54.271,2.7972,34.475,7.5088,23.511,4.4489,34.978,8.4696,933.38,0,11.547,0.1875,0.63651
879,19,126,9,101,8,164,8,488,15,18.552,0.8322,55.552,1.0535,33.421,1.9254,15.698,4.7598,24.445,6.9523,879.43,0.076923,19.167,0.33745,1.3207
754,10,133,10,95,9,200,0,326,10,26.519,0.34705,43.192,1.5651,61.45,1.7939,15.089,9.2076,78.349,8.8928,754.34,0,9.759,0.32812,0.59827
683,51,129,15,104,17,191,15,265,28,27.867,1.5652,38.774,1.7543,72.144,7.117,11.1,3.8394,26.306,10.771,684.14,0.25,50.639,0.34568,1.4942
700,40,120,24,92,11,232,11,260,0,32.899,1.6378,37.24,2.2569,88.462,4.4412,21.152,6.9034,52.011,12.196,700.86,0,40,0.24,0.56234
880,20,145,10,90,12,250,12,407,12,28.023,0.81429,46.211,0.65963,60.635,1.0997,14.295,2.7866,49.91,11.742,880.15,0,20,0.3125,1.0986
1021,48,117,17,122,18,237,16,543,35,23.297,1.4904,53.164,2.4743,43.978,4.1909,43.209,11.704,35.388,6.2142,1022.6,0.18519,48.334,0.22577,1.9861
840,32,130,11,110,11,220,13,380,20,26.209,1.7615,45.221,0.93648,57.965,3.8811,21.23,5.9968,30.46,10.149,840.48,0.2,31.623,0.19444,1.6094
693,31,125,25,100,16,140,16,327,23,19.209,0.93172,47.083,1.5631,40.784,0.67924,28.65,16.971,47.141,15.562,693.78,0,30.551,0.3125,1.0986
721,43,122,24,106,14,190,16,303,24,26.522,2.0097,41.947,2.181,63.398,5.8245,55.93,13.535,57.955,13.061,722.53,0.25532,43.018,0.19401,1.8374
844,65,127,10,110,17,163,15,448,46,18.958,0.87328,53.006,1.5445,35.771,1.4714,23.826,6.2469,24.67,3.3702,846.03,0.4,65.422,0.47222,1.6094
797,28,128,10,100,6,201,10,368,27,25.109,1.0655,46.184,1.9835,54.508,4.0544,14.648,2.4522,20.193,4.2438,797.3,0.15789,27.699,0.3075,1.5887
947,31,140,0,95,10,230,12,480,20,24.66,1.3495,50.695,0.60206,48.669,3.2228,14.663,1.8711,24.139,4.0238,947,0,30.551,0.5625,1.0986
926,29,142,6,101,7,221,7,463,29,23.871,1.1285,49.907,1.7031,47.944,3.6795,13.609,3.4333,28.518,8.5222,926.78,0.045455,28.543,0.37429,1.6488
788,42,130,13,103,11,162,13,394,32,20.495,1.3266,49.904,2.2163,41.204,4.0245,25.788,13.63,37.449,10.557,789.54,0.30769,42.018,0.34568,1.9714
909,61,134,12,113,11,149,22,514,45,16.38,1.9895,56.496,2.3304,29.118,4.2437,29.336,15.567,27.2,8.9757,911.2,0.24324,61.39,0.32479,2.0248
730,20,120,0,108,11,216,9,290,20,29.459,1.3532,39.693,1.6082,74.33,5.0178,14.148,2.1447,18.503,4.439,730.21,0.25,20,0.24,0.56234
767,28,138,16,101,15,249,19,280,19,32.548,2.4949,36.472,1.8822,89.674,10.552,42.824,9.2725,58.709,13.518,767.89,0.14815,27.817,0.23342,1.5703
636,14,125,9,94,9,161,5,256,9,25.348,0.70312,40.272,1.1052,63.004,2.8571,18.546,4.6305,57.549,10.757,636.4,0,13.854,0.29568,1.0037
990,62,132,10,100,6,179,8,579,51,18.114,0.82902,58.378,1.7136,31.078,2.101,13.094,4.2207,14.787,6.2078,992.35,0.19048,62.488,0.33264,1.9796
1798,219,129,25,121,25,229,40,1321,192,12.716,1.9746,73.385,3.7055,17.49,3.7139,52.825,18.833,62.236,11.926,1810.3,0.33333,218.86,0.23823,2.187
665,33,122,14,107,14,148,16,288,29,22.174,1.9307,43.3,3.0955,51.475,5.8735,35.857,13.678,39.594,11.564,666,0.26,33.027,0.32295,1.8568
965,19,136,9,116,9,220,0,495,25,22.805,0.45646,51.275,1.7681,44.533,2.3356,18.153,1.3505,16.431,3.2306,965.14,0,19.149,0.24,1.0397
1084,102,131,26,114,23,324,34,513,71,30.009,2.3509,47.21,3.7628,64.281,9.7796,54.924,19.633,61.08,20.439,1088.6,0.3,102.17,0.21644,2.0663
718,20,129,15,98,12,162,19,330,24,22.633,2.5884,45.999,3.2524,49.702,8.5836,24.27,4.836,61.537,14.305,717.74,0.125,19.821,0.2963,0.97431
1129,121,130,30,105,26,428,52,463,52,38.189,2.1278,41.204,4.3591,94.176,17.034,33.359,21.169,37.855,30.685,1134.1,0.28571,121.03,0.29688,1.7479
1000,28,133,12,120,20,173,12,580,0,16.987,0.93375,58.023,1.6411,29.31,2.4383,32.882,7.8863,42.369,5.5302,1000.2,0,28.284,0.44444,0.69315
968,66,140,13,103,8,170,11,552,52,17.828,1.5707,56.946,1.6612,31.352,3.2485,9.8444,1.9055,12.899,2.4435,969.78,0.4,65.727,0.25,1.3322
1052,43,127,15,116,17,242,15,567,40,22.95,1.3972,53.851,2.2611,42.702,3.3603,34.198,9.8989,41.541,8.966,1052.7,0.21875,42.762,0.29201,1.9862
806,38,124,10,106,10,217,12,359,27,26.944,1.407,44.582,1.7088,60.58,4.7157,23.555,6.7329,26.418,7.3968,806.49,0.17949,37.543,0.33688,1.7948
1040,85,140,0,113,23,213,12,570,42,20.204,0.28862,54.824,0.39357,36.852,0.26189,32.089,5.1852,43.427,6.4563,1041.7,0.5,84.853,0.22222,0.69315
820,23,148,11,92,18,260,14,330,12,31.101,1.035,40.238,0.27493,77.298,2.7245,15.723,3.5644,58.092,11.044,820.24,0,23.094,0.32,0.69315
659,35,127,20,105,25,131,23,295,24,19.917,3.4758,44.864,3.4775,44.777,8.9453,47.102,16.154,50.579,15.398,659.5,0.17241,34.613,0.22111,1.7972
1169,45,134,14,118,13,214,17,702,41,18.351,1.5817,60.02,1.8917,30.657,3.3478,28.179,8.6212,21.116,3.9932,1170.1,0.10714,44.715,0.38763,1.9667
880,0,140,0,93,12,240,0,410,14,27.273,0,46.591,1.6071,58.571,2.0203,27.128,16.952,45.245,4.3749,880,0,0,0.44444,-0
1100,28,133,10,100,0,247,10,620,32,22.544,0.76249,56.341,1.7077,40.063,2.3063,27.723,1.5735,43.259,17.615,1100.3,0,28.284,0.30556,0.95027
1126,57,139,18,95,11,235,16,655,39,20.958,1.2742,58.176,1.7975,36.093,2.9874,32.144,7.7748,77.233,13.886,1127.6,0.27586,57.347,0.22556,2.0582
637,8,130,11,88,10,195,9,223,8,30.501,1.6644,34.98,1.1856,87.229,4.617,19.396,6.3231,57.896,14.107,637.18,0,7.5593,0.29688,0.41012
1087,50,115,10,130,12,255,10,587,42,23.343,1.4644,53.955,1.8542,43.361,4.2571,40.814,11.912,22.369,7.5412,1087.4,0.33333,50.332,0.1875,1.0986
1204,34,141,9,104,10,221,15,737,25,18.378,1.0017,61.217,1.4964,30.059,2.1171,22.479,6.8004,38.88,10.867,1204.8,0.10714,34.149,0.26635,1.8198
1137,160,126,19,91,32,177,41,753,86,14.838,2.1735,66.54,3.3621,22.454,4.2201,30.885,14.409,38.361,34.622,1146,0.33333,160.21,0.2449,1.5607
696,28,129,10,89,10,174,9,303,19,24.979,1.4652,43.42,1.3785,57.606,4.1755,18.49,4.1527,62.75,14.832,696.8,0.125,28.49,0.2699,1.5808
1050,90,140,16,123,18,206,15,583,82,20.088,1.5021,55.359,3.4775,36.518,4.643,27.619,6.3414,38.835,12.625,1053.2,0.33333,90.111,0.2449,1.3297
712,25,120,10,114,12,178,11,300,18,25.065,1.6126,42.054,1.5886,59.742,5.1729,29.477,5.9596,25.489,4.1047,712.51,0.0625,25.007,0.34819,1.5718
611,31,117,8,103,7,159,11,233,20,25.954,1.519,38.025,1.9689,68.555,6.7846,14.208,7.5977,17.228,6.3644,612.05,0.27273,31.213,0.24522,1.8094
920,20,123,7,118,13,240,11,440,16,26.408,0.99469,47.825,1.4041,55.29,3.3732,21.756,5.999,24.162,3.5329,920.19,0,20,0.32812,1.0042
731,65,123,19,101,17,163,20,344,31,22.286,1.4299,47.078,2.0303,47.427,3.7201,26.827,15.167,44.765,14.964,733.92,0.11111,64.885,0.27457,1.5844
892,18,147,10,93,10,287,21,372,11,31.39,1.4397,41.705,0.98437,75.322,4.3448,13.964,3.2372,50.526,17.831,892.14,0,17.889,0.13889,0.95027
709,64,123,19,110,20,161,15,315,35,22.706,2.083,44.376,2.733,51.435,6.357,39.983,15.427,38.399,13.416,712.21,0.34043,64.316,0.22613,1.979
897,35,131,15,104,13,214,10,450,32,23.877,1.3636,50.09,2.1536,47.809,4.2075,25.134,6.7128,35.765,9.0122,897.62,0.15152,34.685,0.31401,1.7862
927,23,150,12,95,10,320,23,353,23,35.288,3.0295,38.125,2.1487,92.982,12.155,44.884,12.346,62.112,4.0445,926.86,0,23.094,0.1875,0.63651
901,45,129,13,101,9,344,15,329,45,38.124,2.5614,36.327,3.4608,106.44,17.196,50.477,7.5887,25.328,13.937,902.49,0.28571,45.38,0.23111,1.9085
768,40,124,19,106,15,209,25,330,24,27.081,2.8159,42.977,2.6796,63.459,9.2099,54.68,11.673,61.84,14.397,769.31,0.29167,39.526,0.192,1.9073
773,12,130,20,95,10,270,12,267,23,35.335,0.97394,34.458,2.4933,102.78,4.8113,34.138,14.951,48.581,9.0376,773.39,0,11.547,0.3125,0.63651
775,24,126,9,100,10,215,9,335,22,27.758,1.5414,43.167,1.8074,64.521,5.8925,16.21,5.1956,32.338,11.053,775.8,0.022727,23.571,0.28938,1.5012
734,65,120,16,113,13,174,13,327,46,23.788,1.7368,44.346,3.1034,54.027,6.7125,18.874,6.8693,16.658,3.1329,736.74,0.23913,65.166,0.33047,2.09
900,11,138,7,98,7,198,7,468,10,21.947,0.82994,51.945,0.98534,42.278,2.0969,13.736,2.9986,33.011,6.2171,900.06,0,10.69,0.39506,0.73562
860,61,131,13,111,12,198,11,420,47,23.186,1.5887,48.732,2.5101,47.819,5.4042,16.619,5.2369,20.787,5.4935,862.08,0.18182,60.828,0.29152,1.7965
868,51,114,21,113,16,224,20,418,35,25.765,2.0077,48.162,3.2535,53.932,7.275,62.013,14.268,40.752,12.462,869.65,0.20513,50.828,0.22187,2.0881
610,71,127,31,100,0,133,23,260,28,19.805,2.2958,42.641,0.30611,46.429,5.0508,19.184,2.1086,52.545,15.789,612.05,0.5,70.711,0.22222,0.69315
949,28,110,11,132,14,238,15,471,23,25.067,1.6283,49.63,1.1858,50.586,4.2204,48.244,15.87,16.749,3.7961,949.27,0,28.48,0.23,1.4648
959,65,117,13,114,14,203,15,524,50,21.268,1.7109,54.582,2.0453,39.048,3.8116,40.523,9.4527,27.902,8.0235,960.79,0.4,64.953,0.2539,2.0178
1016,35,133,14,101,22,197,19,578,23,19.698,1.2568,56.909,1.7823,34.676,2.9119,32.602,7.9477,50.714,9.6591,1016.1,0.16667,34.679,0.36011,1.831
740,0,120,0,105,10,195,10,320,0,27.027,0,43.243,8.7023e-15,62.5,0,10.956,1.7992,9.8,1.6939,740,0,0,0.1875,-0
1003,51,133,16,125,17,128,21,619,35,12.737,1.8559,61.733,2.4699,20.734,3.604,69.81,16.071,38.087,9.5665,1003.9,0.16667,50.578,0.2102,2.0721
829,37,126,13,103,12,193,13,407,30,23.284,1.7969,49.074,1.7586,47.587,4.9145,19.591,6.102,27.63,5.642,829.9,0.090909,37.405,0.37429,1.7047
943,50,137,12,102,9,186,13,518,44,19.724,1.5961,54.899,2.235,36.055,4.0272,31.363,8.3738,43.819,6.2129,944.08,0.13889,50.177,0.2805,2.0264
1247,60,149,20,103,8,243,8,753,62,19.288,0.91769,60.36,2.3554,32.029,2.515,30.937,5.9333,46.83,25.703,1247.9,0.33333,60.222,0.20408,1.5607
875,65,139,12,106,13,199,19,431,50,22.771,1.8044,49.143,2.3152,46.508,5.0788,27.249,7.7292,50.282,14.926,877.08,0.31579,64.88,0.35503,2.0464
1020,28,140,0,113,12,240,20,530,42,23.577,3.4267,51.923,2.7196,45.643,8.9904,22.331,5.0516,19.296,1.2249,1020.2,0,28.284,0.22222,0.69315
860,11,129,11,107,10,220,0,405,14,25.585,0.31823,47.093,1.5226,54.38,1.9228,11.419,2.6408,14.073,1.4291,860.06,0,10.69,0.41975,0.73562
1083,18,139,15,115,15,69,19,763,15,6.2706,1.7856,70.463,1.8443,8.9324,2.6204,56.91,12.466,46.317,15.092,1082.8,0,18.31,0.18359,1.17
890,39,125,14,98,12,217,11,448,33,24.448,1.5306,50.276,2.1006,48.78,4.5924,26.077,7.5876,47.044,9.4399,890.33,0.14286,38.791,0.2624,1.7155
800,37,123,7,93,10,205,9,380,20,25.725,0.84186,47.496,0.99921,54.183,2.1607,6.463,2.3845,49.332,15.698,800.71,0.14286,36.515,0.35938,1.5498
1056,84,141,10,94,14,171,18,651,52,16.173,1.0262,61.657,1.3819,26.267,2.0432,9.2088,2.2997,35.858,7.3368,1059.5,0.44444,83.581,0.26913,1.7242
1101,78,121,11,130,13,224,10,625,78,20.411,1.3743,56.547,3.3756,36.329,4.3413,30.424,17.358,15.802,5.4647,1103.4,0.30769,77.868,0.19479,1.9311
733,12,120,0,100,0,220,0,293,12,30.005,0.47679,39.99,0.95358,75.079,3.0242,12.022,4.3737,15.878,2.6954,733.39,0,11.547,0.5625,0.63651
940,85,127,12,113,12,220,20,480,57,24.5,0.70711,51,1.4142,48.077,2.7196,15.851,6.179,21.501,4.2769,941.91,0.5,84.853,0.22222,0.69315
875,46,130,17,104,10,225,17,417,31,25.689,1.4965,47.641,1.8991,54.088,4.903,27.512,6.7053,55.001,14.642,876.41,0.19048,46.435,0.29132,1.8226
825,38,140,17,104,13,158,29,420,24,19.015,3.3176,50.936,2.3528,37.6,7.9112,46.34,5.2232,55.107,7.3602,825.77,0.25,38.173,0.19753,1.3209
701,15,125,14,98,6,189,10,290,12,27.036,1.3042,41.3,1.3699,65.568,4.495,29.071,10.065,41.833,11.956,701.1,0.047619,14.8,0.40289,1.0357
950,14,133,12,93,12,300,0,430,14,31.582,0.47015,45.257,0.81493,69.805,2.2958,37.013,5.2269,47.591,16.515,950.05,0,14.142,0.22222,0.69315
675,44,124,10,98,8,124,11,330,29,18.328,1.4257,48.821,1.7173,37.629,3.637,11.406,3.7226,29.173,7.3059,676.62,0.24,44.181,0.39062,2.0916
806,56,112,20,120,15,196,20,379,48,24.325,2.2941,46.88,4.0505,52.617,9.957,36.692,13.514,25.533,8.0621,808.1,0.35714,56.134,0.20011,1.968
700,18,124,14,98,9,214,14,263,14,30.599,1.9376,37.615,1.7602,81.628,7.8572,34.871,8.5722,53.374,13.728,700.21,0.041667,17.504,0.34819,1.224
1092,69,136,12,115,12,230,12,612,56,21.174,1.2053,55.901,2.0144,37.972,3.2019,26.52,7.292,23.107,3.8211,1094.4,0.30769,68.604,0.37586,1.9774
810,14,140,0,93,12,233,12,340,28,29.634,0.5174,41.951,2.7594,70.833,5.8926,24.731,1.1209,45.173,17.379,810.06,0,14.142,0.22222,0.69315
704,28,120,10,109,12,180,10,295,22,25.541,1.4289,41.89,2.0634,61.161,5.1542,25.224,9.9633,15.383,5.0664,704.31,0.1875,28.481,0.3157,1.7265
713,10,128,10,101,8,186,10,299,5,26.014,1.2755,41.905,0.72125,62.09,3.0867,21.628,6.8374,28.09,7.0141,713.4,0,9.7014,0.39335,0.63651
955,36,134,14,99,12,236,15,486,29,24.648,1.1319,50.91,2.395,48.573,3.9896,28.938,5.4345,59.907,16.316,955.31,0.1,35.597,0.33091,1.8471
925,58,130,13,113,14,216,11,469,56,23.383,1.5424,50.508,3.4036,46.627,5.7034,35.444,11.283,31.178,8.01,926.72,0.21429,57.51,0.21403,1.8732
984,52,127,10,103,8,230,11,524,36,23.217,1.5621,53.223,1.258,43.69,3.9343,19.081,2.9437,22.346,4.8937,985.09,0.4,51.769,0.36111,1.0549
887,23,120,0,125,10,235,25,400,20,27.821,1.1136,45.099,1.3637,61.767,4.1091,26.349,8.3256,19.286,3.027,886.87,0,23.094,0.3125,0.63651
1032,29,121,3,115,9,235,9,561,30,22.785,0.91325,54.36,1.6729,41.99,2.7769,24.697,6.7503,9.0146,1.6083,1032.3,0.125,29.12,0.30487,1.7201
993,71,129,11,114,15,200,0,550,64,20.216,1.3679,55.234,2.6049,36.75,3.9866,24.464,3.7882,25.299,5.4671,995.46,0.16667,71.181,0.40816,1.2425
790,14,127,12,107,12,187,12,370,14,24.038,1.3598,46.827,0.95187,51.316,1.8608,16.576,0.54568,20.11,1.5283,790.06,0,14.142,0.44444,0.69315
924,17,130,10,103,12,253,13,440,15,27.372,1.5622,47.632,1.1796,57.521,3.9597,26.988,11.865,43.495,12.345,923.79,0,17.477,0.28472,1.0671
900,0,127,10,107,10,263,8,400,20,29.333,0.99381,44.444,2.2222,66.13,3.9109,27.307,15.548,49.36,21.746,900,0,0,0.25,-0
760,71,145,25,100,21,61,23,458,52,7.6725,2.4469,60.159,2.938,12.876,4.4216,66.459,19.415,67.254,15.315,763.17,0.29167,71.017,0.0928,1.9658
540,14,130,11,83,8,150,11,180,0,27.395,1.652,33.352,0.87453,82.222,6.0858,20.648,4.8745,51.421,19.077,540.15,0,14.142,0.25,0.95027
1060,0,133,12,127,12,87,12,720,28,7.5472,0,67.925,2.6683,11.12,0.43682,56.912,1.3701,32.571,4.9069,1060,0,0,0.22222,-0
700,20,135,10,90,12,180,0,287,12,25.728,0.73539,40.948,0.85656,62.857,2.4744,14.469,1.5642,39.374,14.789,700.19,0,20,0.5625,1.0986
1086,10,143,7,103,7,253,10,589,20,23.16,1.0241,54.204,1.4658,42.787,2.8361,23.141,5.4661,36.854,8.6897,1085.8,0,9.759,0.26562,0.59827
641,19,120,9,104,12,157,14,260,12,24.415,2.0762,40.574,1.5739,60.361,6.687,34.162,10.139,35.393,10.783,641.17,0.044444,19.048,0.27836,1.3389
965,38,124,9,104,9,200,0,540,28,20.749,0.78868,55.938,0.75685,37.111,1.8763,16.255,7.6324,22.341,5.8693,965.56,0.25,37.859,0.16,1.0397
770,14,120,0,120,20,287,12,240,0,36.37,0.66798,31.174,0.57256,116.67,1.4211e-14,57.419,18.91,55.484,0.83352,770.06,0,14.142,0.22222,0.69315
1038,92,124,16,114,12,213,15,589,70,20.503,1.2801,56.638,2.561,36.353,3.848,36.755,21.091,18.636,4.1822,1042.2,0.46154,91.819,0.32143,2.0981
532,19,122,7,97,8,101,7,212,12,18.956,1.1726,39.877,1.5083,47.627,3.7799,15.883,7.6741,35.095,11.679,532.03,0.16981,18.987,0.3323,1.3248
960,20,135,10,105,10,235,10,487,12,24.298,0.81498,50.695,0.60206,47.944,2.0839,16.325,4.8887,17.545,4.8795,960.14,0,20,0.1875,1.0986
950,118,143,24,114,28,189,34,500,57,20.278,1.5354,52.715,2.2108,38.626,4.5769,31.597,9.8377,52.814,25.515,956.07,0.33333,117.81,0.2449,1.7918
1000,0,140,0,107,12,253,12,500,0,26,0,50,0,52,0,12.769,2.308,12.238,3.8031,1000,0,0,0.22222,-0
738,38,119,17,108,17,227,16,284,21,30.814,2.4016,38.529,2.0013,80.268,8.4122,52.961,15.059,35.27,7.7518,738.76,0.17391,37.53,0.23087,1.9029
537,52,125,19,103,16,134,33,167,20,25.957,2.8494,31.148,3.3596,84.699,16.872,69.43,20.264,82.381,16.853,538.95,0.33333,51.757,0.33136,1.7918
850,20,132,11,100,0,220,0,400,16,25.893,0.59524,47.051,1.2096,55.069,2.2524,14.427,2.902,20.024,1.5971,850.18,0,20,0.32,0.56234
1054,82,132,22,102,17,195,15,624,61,18.551,2.0074,59.213,2.4561,31.446,4.1912,25.991,6.5717,35.569,9.3288,1056.9,0.21875,82.452,0.23691,2.0282
804,39,139,6,98,8,176,11,391,30,21.899,1.1071,48.566,1.5549,45.166,3.1425,15.281,3.8096,22.014,5.153,805.38,0.30556,39.457,0.26589,1.9133
745,10,120,0,104,9,144,9,380,0,19.452,1.0669,51.014,0.67568,38.158,2.6316,10.512,2.9777,12.407,1.5333,745.05,0,10,0.4,0.56234
980,57,100,0,140,20,247,23,470,71,26.575,1.534,47.831,4.4544,55.952,8.4179,67.268,18.79,20.372,2.5724,980.82,0.5,56.569,0.22222,0.69315
600,113,127,23,127,23,107,50,230,14,21.38,3.0396,38.801,4.9593,56.061,14.999,0,0,47.727,6.7405,605.31,0.5,113.14,0.22222,0.69315
888,30,130,11,113,10,180,0,468,23,20.289,0.68875,52.689,1.2408,38.534,1.8603,23.101,6.7916,22.516,4.7613,888.41,0,30.332,0.25,1.0549
1265,44,137,17,114,13,220,16,797,42,17.329,1.332,62.984,1.8785,27.567,2.6578,21.356,5.3115,24.268,10.55,1266.2,0.13636,44.156,0.24575,1.9092
811,43,130,10,106,9,178,12,397,40,21.987,1.3688,48.872,2.7787,45.209,4.7143,20.008,6.9793,20.851,6.1693,811.84,0.17073,42.918,0.19671,1.9768
655,78,122,18,97,14,177,31,260,25,26.819,2.5318,39.863,2.3253,67.628,8.4226,23.199,22.295,26.559,5.5734,658.76,0.27273,78.021,0.21528,1.6417
843,50,110,12,130,11,213,10,390,41,25.321,1.6923,46.11,2.3866,55.166,5.8437,36.932,14.889,21.285,4.9446,844.68,0.29032,50.358,0.2002,2.1062
723,36,123,17,109,13,139,18,351,17,19.153,2.2444,48.649,1.8401,39.509,5.5671,30.287,9.1462,31.25,14.837,723.68,0.14286,35.826,0.24889,1.6308
665,26,122,9,95,10,196,9,252,16,29.458,1.6757,37.842,1.5883,78.058,6.5685,13.207,4.225,35.575,8.6141,665.58,0.13725,25.563,0.2733,1.5984
880,73,123,13,120,15,215,9,423,61,24.508,2.3348,47.834,3.1562,51.664,7.898,17.273,9.0542,10.795,3.07,882.82,0.35714,73.17,0.23111,1.8662
843,27,140,20,100,0,160,0,440,18,18.988,0.60526,52.18,1.5877,36.414,1.482,13.731,1.6331,29.588,2.6394,843.68,0.16667,26.583,0.32653,1.2425
840,63,124,10,98,11,163,12,456,49,19.384,1.0754,54.141,2.3748,35.903,3.0105,18.405,8.6499,38.911,11.813,842.27,0.30435,63.246,0.30729,2.0383
730,52,130,13,104,16,177,13,319,31,24.24,1.6086,43.674,1.7972,55.62,4.6624,23.78,13.054,30.489,11.553,731.63,0.29787,52.399,0.29123,2.1356
845,37,124,9,115,10,226,9,380,31,26.724,1.0604,44.901,2.1337,59.723,4.82,18.909,5.1365,17.403,4.1609,845.93,0.25641,37.196,0.27063,1.9184
1097,52,139,12,103,10,185,12,671,44,16.846,1.0198,61.074,1.6381,27.622,2.1191,26.488,3.3661,50.646,14,1098.5,0.16667,51.658,0.27055,2.1102
915,19,124,9,108,11,256,9,435,10,27.869,0.94573,47.548,1.0326,58.658,3.0457,27.314,14.228,42.928,10.427,915.15,0,19.149,0.16,1.0397
853,64,105,10,125,19,245,10,380,53,28.236,2.2145,44.382,2.9694,64.048,9.592,51.368,22.494,27.927,6.1664,854.95,0.33333,64.291,0.1875,1.0986
950,14,140,0,107,12,247,12,460,28,26.33,1.8806,48.404,2.2567,54.545,6.4282,23.508,4.9369,18.395,4.8719,950.05,0,14.142,0.22222,0.69315
926,31,116,8,110,10,218,7,481,29,23.602,1.1418,51.912,1.5889,45.55,3.2992,27.161,8.9521,11.56,2.8742,926.62,0.055556,31.285,0.27611,1.7492
600,64,120,19,98,21,149,30,232,19,24.703,2.6014,38.944,3.9782,64.707,14.291,50.055,18.392,62.887,13.541,603.32,0.14286,64.169,0.15355,1.4978
773,22,126,10,100,9,202,11,344,9,26.136,1.0422,44.57,1.5893,58.751,3.9547,42.777,9.8597,21.902,4.951,773.62,0,22.361,0.27,1.0027
901,23,133,10,103,7,228,14,437,18,25.441,1.1931,48.508,1.082,52.482,2.9324,15.649,2.9538,22.768,5.7026,901.61,0.13333,23.258,0.37109,1.4898
770,37,139,18,119,16,100,23,408,36,13.052,2.7446,53.09,4.7261,25.105,6.7394,70.738,13.353,36.901,18.641,770.84,0.083333,36.831,0.1472,1.7223
596,21,122,14,99,15,129,12,249,20,21.489,1.8226,41.836,3.2968,51.857,7.5347,44.572,22.738,54.128,16.531,596.83,0.29412,21.489,0.25617,1.2832
1590,151,148,23,128,18,660,32,655,124,41.658,2.475,40.938,3.9747,102.88,15.448,58.093,19.588,59.419,15.217,1595.4,0.25,151,0.24,1.3863
969,55,135,26,120,15,185,30,520,35,19.48,2.9888,53.707,2.4427,36.528,6.97,65.245,9.0864,47.115,10.223,969.92,0.14286,55.205,0.23438,1.4751
943,65,146,15,97,14,200,12,497,53,21.277,1.9009,52.561,2.4495,40.661,5.2273,24.008,6.3286,48.82,13.212,945.2,0.33333,65.013,0.16327,1.5607
875,96,120,35,104,26,212,23,435,38,24.559,0.53582,49.817,1.418,49.342,2.2095,34.241,15.993,40.223,37.94,878.92,0.5,95.743,0.24,1.3863
707,76,125,10,80,16,185,30,333,31,25.308,2.3884,47.234,1.2261,53.682,6.2913,11.258,3.6624,87.166,8.0912,709.37,0.66667,75.719,0.5625,1.0986
722,18,116,11,106,11,193,11,307,15,26.681,1.6028,42.564,1.6818,62.853,5.3466,39.825,12.763,29.555,5.1876,722.41,0.086957,18.489,0.21005,1.2993
760,40,119,8,109,12,147,12,386,29,19.209,1.0817,50.756,1.9756,37.929,3.0404,27.241,6.5522,23.61,4.8929,761,0.25,40,0.27211,1.973
1010,35,148,11,108,11,216,17,535,30,21.291,1.7846,52.943,1.3344,40.22,3.2487,38.873,6.1881,19.716,0.89969,1010.4,0,34.641,0.32,0.69315
808,11,127,10,110,11,200,13,372,18,24.744,1.5524,46.061,2.6472,53.971,5.8795,16.435,2.7137,16.101,2.6848,808.06,0,10.954,0.30556,0.67301
865,53,132,11,112,11,128,11,500,40,14.442,0.40986,57.767,1.6394,25,0,48.071,24.682,60.94,16.61,866.2,0.25,52.599,0.24,1.3863
920,28,127,12,100,0,240,0,450,14,26.099,0.80239,48.913,0.033433,53.36,1.6769,25.496,4.8278,42.497,6.9079,920.22,0,28.284,0.44444,0.69315
