598,42,140,0,100,0,125,10,233,42,21.008,2.0332,38.672,4.1605,55.398,10.902,17.4,5.2564,21.007,6.9115,599.28,0.10638,41.543,0.35026,1.8211
1005,10,140,0,100,0,256,9,510,12,25.373,0.94607,50.745,0.95577,50.038,2.756,12.287,2.1313,9.2111,2.3978,1005,0,10,0.4,0.56234
764,128,140,0,100,0,162,32,364,113,21.136,3.9128,46.598,8.2847,47.985,17.291,16.257,5.412,27.375,2.906,773.85,0.66667,127.58,0.19,1.523
930,81,140,0,100,0,158,65,532,73,16.79,6.5668,57.224,6.0205,30.604,14.123,33.572,9.9264,39.196,11.06,933.15,0.4,80.691,0.33058,2.0253
648,16,140,0,100,0,170,11,239,19,26.126,1.7638,36.841,2.2065,71.439,9.1612,16.914,3.4506,55.515,13.48,648.63,0.022222,15.661,0.44849,1.0236
1204,28,140,0,100,0,251,14,713,25,20.865,1.0509,59.197,1.1178,35.287,2.3915,50.134,13.33,28.479,8.2535,1204.7,0.086957,27.605,0.3941,1.5672
992,14,140,0,100,0,223,35,521,25,23.26,1.8605,52.536,2.0254,44.468,5.3661,29.619,9.0988,36.256,11.832,991.86,0,14.246,0.34877,1.0376
700,23,140,0,100,0,193,15,269,23,27.349,2.1429,38.334,2.4472,71.873,9.9166,19.783,2.741,23.117,4.8666,700.33,0.14286,23.094,0.32812,1.277
707,17,140,0,100,0,181,15,286,24,25.632,2.2754,40.395,2.6711,63.994,8.4885,18.905,4.1679,25.665,7.9177,707.04,0.052632,16.943,0.3616,1.2188
1027,42,140,0,100,0,285,10,500,35,27.932,0.8842,48.665,1.5677,57.469,3.517,36.736,5.3026,10.696,1.6434,1027.2,0,41.633,0.5625,1.0986
763,25,140,0,100,0,176,39,347,44,23.065,5.2543,45.437,5.3538,53.09,20.559,27.251,6.0315,69.023,15,763.12,0.15909,24.624,0.33975,1.5385
774,23,140,0,100,0,158,13,376,23,20.378,1.6392,48.592,1.9074,42.115,4.8929,22.646,5.9287,24.12,5.6701,774.41,0.045455,22.652,0.24,1.5022
827,14,140,0,100,0,231,10,356,14,27.902,1.1172,43.057,1.1981,64.909,4.2591,34.391,8.2722,33.233,6.4847,826.78,0,14.475,0.33984,0.99084
959,59,140,0,100,0,186,9,533,58,19.463,1.3961,55.412,2.7194,35.316,4.1783,39.972,12.399,39.522,7.7448,960.42,0.23333,58.941,0.3538,2.0236
711,154,140,0,100,0,136,28,335,179,20.389,6.5276,44.585,12.782,53.54,31.391,13.799,4.1971,23.859,5.6019,726.07,0.33333,153.97,0.26172,1.6171
1075,9,140,0,100,0,207,68,633,66,18.76,6.4135,58.904,6.3317,33.187,13.703,29.315,7.2654,33.742,6.5155,1074.6,0,9.342,0.3125,0.58595
910,21,140,0,100,0,229,25,447,30,24.548,2.5575,49.067,2.691,50.388,7.9653,45.905,9.4257,59.859,19.521,910.2,0,20.976,0.2449,1.3297
1145,82,140,0,100,0,252,47,655,113,22.065,4.7427,56.874,5.93,39.793,10.442,49.418,16.143,39.813,9.3976,1147.7,0.41667,81.854,0.31953,1.6326
937,44,140,0,100,0,230,10,468,43,24.505,1.3922,49.826,2.3618,49.394,4.966,29.211,6.9268,18.024,3.2899,937.87,0.30769,43.853,0.36224,1.9915
1146,47,140,0,100,0,233,10,672,46,20.437,1.0895,58.578,1.7639,34.97,2.8889,20.594,7.7383,18.628,3.7193,1146.4,0.068966,46.567,0.25889,1.9245
720,0,140,0,100,0,210,11,268,11,29.444,1.5215,37.222,1.5215,79.341,7.2227,24.367,3.0825,34.121,7.6265,720,0,0,0.52778,-0
696,39,140,0,100,0,176,18,281,50,25.369,3.2859,40.075,4.5956,64.899,14.868,15.059,4.8965,22.641,9.5255,697.39,0.052632,39.141,0.36029,1.1552
723,17,140,0,100,0,213,36,263,25,30.418,3.3786,36.363,3.2962,85.017,16.361,37.728,18.371,53.517,14.836,723.05,0.071429,17.289,0.23111,1.1953
928,45,140,0,100,0,219,40,469,47,23.568,4.218,50.512,4.2093,47.504,10.879,42.342,8.6102,58.272,13.82,929.04,0.2,45.143,0.22222,1.8479
1200,80,140,0,100,0,220,0,740,80,18.388,1.2286,61.553,2.5689,29.964,3.2584,6.3946,1.4858,13.491,3.1319,1201.8,0.33333,80,0.1875,1.0986
1222,43,140,0,100,0,201,38,782,64,16.413,3.257,63.917,3.5738,25.974,5.7908,24.043,9.5756,50.272,12.432,1222.2,0.15385,42.787,0.29082,1.6716
1153,81,140,0,100,0,265,10,647,90,23.234,2.5065,55.89,3.9188,41.92,7.5166,65.038,10.59,21.006,1.0984,1155.2,0.33333,80.829,0.3125,1.0986
930,14,140,0,100,0,233,12,460,0,24.722,1.1447,49.468,0.75224,50,3.0744,31.379,6.0673,62.722,12.233,930.05,0,14.142,0.22222,0.69315
769,178,140,0,100,0,138,27,394,201,18.808,7.0889,48.567,14.18,46.63,33.393,16.198,9.0484,27.364,6.8544,785.98,0.28571,177.71,0.14062,1.4751
863,110,140,0,100,0,199,16,424,104,23.326,2.7022,48.41,5.8788,49.508,11.497,15.859,8.2536,15.986,5.1165,869.36,0.38462,109.95,0.44188,2.1947
728,28,140,0,100,0,158,12,330,27,21.662,1.6953,45.3,2.3417,48.103,6.2969,20.381,5.1041,28.29,5.1985,728.01,0.1875,28.166,0.3391,1.5481
827,180,140,0,100,0,197,12,390,181,24.849,5.3615,44.836,11.343,62.171,28.168,19.154,6.5028,15.031,6.6068,845.71,0.34146,179.92,0.35091,1.9544
933,27,140,0,100,0,212,34,481,37,22.742,3.6244,51.508,3.6255,44.753,8.8983,20.375,7.4267,36.533,10.128,933.15,0.083333,26.685,0.46311,1.5954
697,24,140,0,100,0,170,16,288,21,24.24,2.0212,41.302,2.1788,59.042,7.3758,15.88,5.8891,37.087,11.434,697.67,0.090909,24.139,0.2949,1.5029
908,46,140,0,100,0,242,15,426,41,26.675,1.6089,46.833,2.3222,57.232,6.1851,27.007,5.8485,32.147,6.5252,909.09,0.15,45.607,0.44444,1.9002
862,20,140,0,100,0,176,10,445,17,20.444,0.98686,51.684,1.1271,39.606,2.6312,30.743,6.67,42.64,10.749,861.77,0.076923,20.336,0.28532,1.3964
950,71,140,0,100,0,253,42,440,28,28.333,2.357,46.333,0.4714,61.18,5.7096,14.269,0.57553,10.892,3.1724,951.31,0.5,70.711,0.22222,0.69315
835,38,140,0,100,0,220,17,374,34,26.481,1.7876,44.718,2.3988,59.576,7.1805,49.462,14.181,35.715,7.2362,835.86,0.175,38.364,0.34503,1.918
930,213,140,0,100,0,221,31,470,204,24.402,4.9853,48.665,9.4894,53.817,21.883,43.292,11.758,18.879,7.9394,952.43,0.28571,213.22,0.32,1.8469
654,24,140,0,100,0,128,10,286,23,19.628,1.4572,43.616,2.1326,45.233,5.3618,22.728,10.553,35.454,9.6375,654.22,0.034483,23.966,0.35,1.5153
1032,33,140,0,100,0,200,13,592,30,19.381,1.2612,57.344,1.4794,33.856,3.0739,22.133,4.9972,17.299,6.5147,1032.4,0,33.466,0.25,1.3322
827,45,140,0,100,0,222,12,365,47,26.918,2.1246,43.974,3.3159,61.868,9.3323,31.821,6.5517,18.741,4.1854,827.83,0.095238,44.87,0.31612,1.7695
896,63,184,37,329,171,131,57,256,173,14.71,6.0636,28.155,18.009,61.737,16.016,28.741,7.5653,46.36,18.615,897.89,0.18182,62.801,0.13927,1.7995
712,38,140,0,100,0,154,13,318,36,21.573,1.7791,44.609,2.8804,48.803,7.5624,23.281,9.2179,28.15,10.635,712.68,0.14583,38.445,0.28238,1.9588
705,17,140,0,100,0,156,28,310,23,21.943,3.6958,43.996,3.3582,51.01,15.763,35.944,15.117,30.359,18.806,705.2,0.041667,16.94,0.208,1.1948
984,116,140,0,100,0,243,12,501,116,24.882,2.2919,50.482,4.2377,49.848,7.0745,23.126,6.5215,15.519,3.4422,990.52,0.064516,116.44,0.26465,1.048
940,28,140,0,100,0,240,20,470,42,24.502,2.2417,49.955,3.0103,49.273,7.4568,44.028,3.0276,60.493,9.599,940.21,0,28.284,0.22222,0.69315
1143,87,140,0,100,0,190,16,714,76,16.556,0.88791,62.326,2.0363,26.621,2.1041,21.152,4.8255,27.871,4.678,1145.9,0.24138,86.804,0.41222,2.0762
846,84,140,0,100,0,182,15,424,80,21.622,2.4004,49.715,4.8928,44.373,9.432,19.2,8.7538,23.19,6.7943,849.69,0.4359,83.974,0.29813,2.0057
890,71,140,0,100,0,213,12,440,57,23.607,0.28657,49.341,2.4358,47.917,2.9463,20.365,4.2232,52.119,35.836,891.4,0.5,70.711,0.22222,0.69315
740,28,140,0,100,0,207,12,300,28,27.047,1.0338,40.497,2.2743,66.964,6.3135,15.411,1.3681,27.767,9.3468,740.27,0,28.284,0.44444,0.69315
713,12,140,0,100,0,165,10,307,12,23.36,1.4555,42.989,1.3936,54.444,5.0918,17.422,3.1029,64.086,20.234,713.4,0,11.547,0.5625,0.63651
998,65,140,0,100,0,224,13,535,70,22.417,2.3361,53.428,3.8437,42.459,8.0596,9.9113,3.1817,9.2317,2.4554,999.37,0.5,65.411,0.46914,1.7329
919,71,140,0,100,0,213,18,466,65,23.23,1.9872,50.518,3.3823,46.413,6.9534,15.297,3.2966,21.552,5.6103,922.14,0.27027,71.256,0.18075,2.0955
711,40,140,0,100,0,140,21,331,44,19.687,3.1394,46.436,4.071,43.132,8.8481,35.83,11.865,39.012,12.449,711.75,0.34043,40.185,0.30773,1.9653
1091,20,140,0,100,0,118,92,724,107,11.704,8.6714,66.293,8.9478,19.682,16.998,57.714,13.404,60.672,14.307,1091.3,0,20.276,0.21,1.273
837,28,140,0,100,0,207,12,389,29,24.857,1.6287,46.427,2.2498,53.814,6.1334,40.495,13.099,26.881,6.5615,837.1,0.055556,27.653,0.31579,1.5325
950,15,140,0,100,0,184,13,525,18,19.472,1.4394,55.259,1.4642,35.318,3.497,9.411,3.5785,20.922,7.449,950.11,0,15.119,0.22222,0.90026
811,29,140,0,100,0,203,17,369,29,24.983,2.0842,45.4,2.4475,55.376,6.9612,21.462,4.4997,41.766,10.277,811.81,0.13043,29.435,0.42535,1.5157
708,11,140,0,100,0,190,11,276,9,27.111,1.3156,38.984,1.1697,69.67,5.4031,18.218,3.3222,24.332,6.1921,708.07,0,10.954,0.36111,0.67301
782,47,140,0,100,0,190,21,353,51,24.255,3.23,44.959,4.5154,55.588,17.393,26.743,6.2239,46.999,11.911,783.76,0.2619,46.998,0.30611,2.1423
856,9,140,0,100,0,193,10,420,0,22.89,0.81717,49.07,0.52002,46.667,2.1296,18.793,3.4744,31.343,9.1672,856.04,0,8.9443,0.30556,0.5004
1120,0,140,0,100,0,267,12,610,14,24.107,1.2627,54.464,1.2627,44.301,3.3455,16.787,0.3621,13.776,3.8079,1120,0,0,0.44444,-0
836,96,140,0,100,0,183,14,412,86,22.099,1.8232,48.804,4.8589,46.06,8.2549,12.554,3.4785,21.889,6.3688,840.93,0.41463,95.657,0.4042,2.1525
822,72,140,0,100,0,211,15,371,65,25.763,1.9242,44.815,4.0355,58.272,9.2157,42.86,14.641,36.171,8.4207,824.75,0.31429,71.681,0.30015,2.0532
957,32,140,0,100,0,194,15,523,20,20.187,1.1482,54.702,0.84695,36.929,2.5118,15.642,3.0386,31.131,3.8293,957.11,0.16667,32.042,0.20408,1.3297
861,19,140,0,100,0,217,23,404,22,25.204,2.422,46.906,2.2939,54.07,7.3999,34.416,10.909,58.164,13.166,861.16,0,19.469,0.25826,1.2372
1095,15,140,0,100,0,116,71,741,82,10.435,6.7756,67.643,6.9465,16.592,12.181,75.329,11.465,62.423,12.435,1095.1,0,15.492,0.3045,1.1034
1080,237,140,0,100,0,233,62,588,253,24.998,10.313,51.517,17.244,68.262,74.012,40.972,9.395,44.329,6.808,1100.5,0.8,236.64,0.25,0.95027
722,26,140,0,100,0,167,10,315,24,23.182,1.2843,43.529,1.918,53.44,4.9136,15.146,3.1631,47.916,12.993,722.24,0.18182,26.007,0.29861,1.5466
760,0,140,0,100,0,215,30,293,23,29.825,3.0387,38.596,3.0387,77.976,13.403,28.605,2.5825,31.252,6.2782,760,0,0,0.3125,-0
623,91,140,0,100,0,130,19,254,96,21.109,5.0931,39.673,10.009,60.305,35.092,18.768,8.2818,49.922,11.284,628.47,0.28571,90.501,0.26562,1.5498
979,46,140,0,100,0,229,10,509,46,23.484,1.4089,51.949,2.3478,45.4,4.64,32.011,8.3133,16.836,3.0408,979.97,0.26316,45.934,0.3425,2.0868
927,20,140,0,100,0,206,9,481,21,22.25,1.0801,51.839,1.3812,43.003,3.2315,61.918,17.25,26.209,3.2867,926.87,0,19.712,0.4412,1.3143
812,27,140,0,100,0,193,10,380,20,23.639,0.93858,46.778,1.1712,50.585,3.0033,63.207,16.512,52.127,13.503,812.35,0,26.833,0.36111,1.0549
894,31,140,0,100,0,224,12,431,34,24.997,1.604,48.117,2.3104,52.232,6.2122,21.901,5.6222,21.646,3.3922,894.29,0.125,31.495,0.25528,1.7988
686,188,140,0,100,0,188,80,249,206,29.938,11.991,33.261,16.183,118.11,76.71,47.85,19.86,60.416,16.454,707.51,0.28571,188.22,0.29688,1.5498
693,124,140,0,100,0,140,21,313,128,20.863,5.4022,43.533,11.233,55.25,33.73,38.844,8.4483,65.815,14.978,703.07,0.44444,123.69,0.27,1.8892
818,93,140,0,100,0,200,17,378,93,24.659,3.1603,45.644,5.8708,55.761,14.361,47.307,12.202,52.843,15.201,822.8,0.2381,93.308,0.40887,1.7854
690,58,140,0,100,0,151,11,300,58,21.856,2.3502,43.167,4.787,51.619,11.017,22.691,7.1938,28.77,8.0011,692,0.33333,57.619,0.2449,1.5607
815,15,140,0,100,0,185,48,390,53,22.754,6.1197,47.78,6.2578,49.974,19.137,37.444,13.847,58.905,18.332,814.92,0,15.036,0.35243,1.1035
770,14,140,0,100,0,227,12,300,0,29.858,1.2883,38.968,0.7157,76.667,4.714,17.075,1.0619,45.719,6.8914,770.06,0,14.142,0.22222,0.69315
1092,52,140,0,100,0,277,23,576,59,25.322,2.6763,52.659,3.2932,48.472,7.8322,40.716,9.2225,14.199,4.4923,1093,0.2,52.154,0.30556,1.3322
845,35,140,0,100,0,231,33,375,30,27.181,3.5489,44.381,3.2571,62.018,11.063,21.999,9.8219,28.328,9.3448,846.06,0.17073,34.648,0.3305,1.7716
1019,34,140,0,100,0,240,16,539,38,23.577,1.8513,52.849,2.306,44.855,6.0102,29.803,7.4768,27.001,5.6711,1019.6,0.18182,33.51,0.32136,1.7673
970,14,140,0,100,0,273,12,460,0,27.827,1.0522,47.428,0.69147,58.696,3.0744,46.029,8.2619,30.285,0.47645,970.05,0,14.142,0.22222,0.69315
840,66,140,0,100,0,191,23,413,47,22.186,0.95378,49.093,1.9485,45.241,2.4077,38.849,5.6366,22.143,3.3596,842.14,0.33333,65.727,0.32653,1.5607
667,64,140,0,100,0,120,23,313,42,16.891,1.7742,46.895,1.7438,35.979,2.7872,21.682,10.314,70.572,33.507,668.73,0.33333,64.291,0.4375,1.0986
1100,57,140,0,100,0,120,20,730,42,11.801,0.67879,66.352,0.44472,17.782,0.90382,23.858,11.043,79.914,15.074,1100.7,0,56.569,0.22222,0.69315
720,0,140,0,100,0,195,10,287,12,26.852,1.6038,39.815,1.6038,67.619,6.5983,14.009,4.4671,9.6192,1.5335,720,0,0,0.5625,-0
780,0,140,0,100,0,253,12,290,14,32.051,1.8131,37.179,1.8131,86.429,9.0914,21.924,2.0021,22.095,2.6306,780,0,0,0.22222,-0
1121,66,140,0,100,0,204,21,677,67,18.252,2.0528,60.272,2.8317,30.498,5.0406,27.659,10.158,29.653,7.9741,1123.3,0.24138,66.102,0.36556,1.9217
776,27,140,0,100,0,220,12,316,32,28.383,2.0545,40.668,2.879,70.501,10.413,21.487,5.5899,19.147,8.6374,776.81,0.11364,26.684,0.45926,1.6181
781,9,140,0,100,0,211,54,331,55,26.861,7.086,42.421,7.0384,67.82,30.103,48.22,18.284,72.874,16.165,781.48,0,9.4926,0.35556,0.65598
1067,185,140,0,100,0,170,96,627,273,19.965,10.979,57.118,14.474,39.425,26.794,19.175,3.9046,49.61,23.585,1077.3,0.33333,184.75,0.5625,0.63651
920,85,140,0,100,0,213,21,467,82,23.336,2.8817,50.352,4.7893,47.295,10.599,36.169,10.401,46.201,12.81,923.78,0.41667,84.718,0.40467,2.2166
1040,56,140,0,100,0,244,9,555,57,23.622,1.6127,53.242,2.7574,44.604,5.309,18.996,3.5601,21.061,4.1372,1041.3,0.125,55.549,0.39506,1.7329
880,63,140,0,100,0,240,0,400,63,27.381,2.019,45.237,4.0381,61.219,10.328,19.428,2.8861,51.231,24.803,881.7,0.5,63.246,0.24,1.3863
1040,100,140,0,100,0,220,28,573,70,21.746,0.92107,55.034,1.6061,39.519,1.41,11.109,1.9459,8.4128,1.4441,1043.2,0.33333,100,0.1875,1.0986
1030,14,140,0,100,0,200,0,590,14,19.419,0.26663,57.278,0.58659,33.908,0.81277,31.584,17.683,35.959,1.9269,1030,0,14.142,0.22222,0.69315
1005,241,140,0,100,0,248,30,520,249,25.382,6.798,49.846,11.312,55.047,24.904,43.668,8.2276,20.772,6.6142,1026.5,0.25,241.32,0.4,1.0397
750,42,140,0,100,0,233,76,320,28,25.321,0.45327,42.628,1.3598,59.412,0.83189,15.545,2.2921,15.545,5.0462,750.6,0,42.426,0.22222,0.69315
1070,35,140,0,100,0,236,22,590,58,22.5,2.8868,55.052,3.6135,41.262,7.9519,20.23,8.8587,32.153,7.6628,1070.4,0,34.641,0.24,0.69315
880,112,140,0,100,0,193,10,447,108,22.202,2.2866,50.126,5.4156,45.223,9.0149,9.3467,2.3061,21.179,4.8087,886.89,0.34375,112.11,0.48852,2.0372
1302,41,140,0,100,0,223,7,838,40,17.153,0.71065,64.39,1.1665,26.665,1.5868,26.982,7.1943,28.008,5.6039,1302.2,0.15385,41.153,0.35665,1.9583
786,22,140,0,100,0,195,11,352,27,24.792,1.695,44.663,2.2914,55.807,6.2119,36.762,9.542,28.43,6.593,786.61,0.10526,22.164,0.4025,1.3893
706,47,140,0,100,0,158,9,308,45,22.504,1.5905,43.359,3.4299,52.447,7.3796,16.454,4.3897,18.45,3.0724,707.47,0.27027,47.109,0.35111,1.8837
959,28,140,0,100,0,207,17,511,32,21.646,1.7659,53.304,2.0672,40.789,5.0027,69.87,14.341,43.339,9.6451,959.26,0.17143,28.26,0.46836,1.6532
760,16,140,0,100,0,216,9,300,16,28.957,0.62252,39.453,1.3016,73.497,4.014,36.2,4.6527,19.068,4.7843,760.13,0,16.33,0.4,1.0397
691,11,140,0,100,0,165,14,283,8,24.37,1.28,40.912,1.0399,59.66,4.5319,28.714,10.141,56.076,18.739,691.5,0,10.69,0.17188,0.68291
920,28,140,0,100,0,200,20,470,42,22.861,2.24,51.04,3.0424,45,7.0711,16.944,1.8534,39.537,0.2752,920.22,0,28.284,0.22222,0.69315
674,76,140,0,100,0,125,20,310,60,18.412,1.5363,45.532,4.0322,40.77,5.0417,9.0685,6.1387,19.713,8.1197,678.44,0.42857,75.719,0.3204,1.8111
869,27,140,0,100,0,210,18,419,28,24.095,1.962,48.253,2.2659,50.229,6.6226,18.879,6.3829,25.473,5.7639,869.12,0.076923,26.673,0.35312,1.5792
1012,10,140,0,100,0,195,42,572,47,19.788,4.0779,56.494,4.2464,35.658,9.3374,25.444,5.5564,36.427,19.034,1012,0,10.328,0.21488,0.67301
644,22,140,0,100,0,137,8,268,23,21.134,1.5143,41.565,2.3027,51.11,6.225,41.241,13.621,35.199,8.1315,644.3,0.2,21.909,0.30556,0.95027
790,57,140,0,100,0,177,10,373,55,22.448,1.7389,47.024,3.5448,48.234,6.9998,7.4291,2.8999,20.377,6.2685,792,0.25,57.071,0.36377,2.0068
1129,66,140,0,100,0,250,11,640,70,22.132,1.8763,56.544,3.0366,39.405,5.5836,33.005,5.1793,15.11,2.6103,1130.6,0.33333,65.659,0.19,1.523
840,20,140,0,100,0,200,0,400,20,23.819,0.56727,47.599,1.248,50.084,2.5073,20.166,3.5425,16.494,2.99,840.16,0,20,0.1875,1.0986
960,0,140,0,100,0,267,12,450,14,28.125,1.4731,46.875,1.4731,60.079,5.0308,27.875,9.1963,16.006,3.073,960,0,0,0.44444,-0
970,42,140,0,100,0,227,12,500,28,23.702,0.42126,51.532,0.66197,45.994,0.22664,35.123,1.1716,25.512,5.628,970.46,0,42.426,0.22222,0.69315
1010,14,140,0,100,0,189,10,580,13,18.809,0.95796,57.424,0.94536,32.787,2.1919,42.933,10.534,33.259,6.1192,1010.1,0,14.142,0.24793,0.89795
870,24,140,0,100,0,224,15,406,16,25.733,1.4069,46.663,1.2862,55.246,4.3274,14.275,3.5026,18.114,4.0771,870.29,0,23.57,0.34711,1.2799
884,9,140,0,100,0,180,0,464,9,20.364,0.20328,52.485,0.47432,38.804,0.72915,12.773,2.324,34.712,6.1394,884.04,0,8.9443,0.69444,0.5004
850,71,140,0,100,0,207,12,400,85,24.861,3.732,46.806,6.089,54.092,15.01,29.043,0.41969,31.585,1.8146,851.47,0.5,70.711,0.22222,0.69315
760,61,109,53,409,71,100,0,140,0,13.221,0.95048,18.509,1.3307,71.429,8.9877e-15,76.621,6.8939,0,0,762.01,0.16667,60.663,0.12245,1.3297
857,27,140,0,100,0,205,14,411,25,24.003,1.655,47.974,1.9183,50.208,5.3432,29.546,6.013,30.687,16.667,857.5,0.14286,26.904,0.17188,1.5498
760,0,140,0,100,0,260,20,250,14,35.526,1.8608,32.895,1.8608,108.33,11.785,35.941,2.6319,41.151,11.264,760,0,0,0.22222,-0
840,28,140,0,100,0,184,9,415,19,22.015,0.53522,49.39,0.70409,44.578,1.167,17.414,2.1698,16.676,2.3524,840.36,0.25,28.284,0.24,1.0397
925,25,140,0,100,0,216,9,465,25,23.797,0.63799,50.243,1.334,47.413,2.4955,24.704,6.6049,54.261,13.806,925.26,0,25.166,0.24,1.0397
927,23,140,0,100,0,180,16,507,12,19.401,1.763,54.689,1.302,35.538,4.0791,16.599,7.8938,17.458,1.4477,926.86,0,23.094,0.3125,0.63651
984,160,140,0,100,0,237,43,524,166,22.846,3.8681,52.298,7.3769,45.048,12.084,17.693,3.676,23.839,9.2816,994.3,0.4,159.62,0.19444,1.3322
1126,19,140,0,100,0,270,10,616,22,23.989,1.0078,54.687,1.2089,43.925,2.7834,54.707,12.399,39.146,6.859,1126,0,19.092,0.368,1.2981
780,35,140,0,100,0,213,11,326,31,27.41,1.2722,41.744,2.2146,65.968,6.1576,47.494,10.442,37.232,11.827,780.28,0.2093,34.5,0.36519,1.8875
700,197,140,0,100,0,140,33,320,223,21.875,8.2763,41.806,16.307,66.957,45.603,13.642,3.5049,27.476,9.4244,724.15,0.44444,196.72,0.21,1.8892
867,60,140,0,100,0,187,17,439,52,21.652,1.7395,50.522,2.8238,43.126,5.6202,26.743,5.1412,15.031,4.2546,868.66,0.25,60.048,0.2944,2.1307
988,10,140,0,100,0,140,7,608,11,14.174,0.729,61.526,0.7701,23.054,1.4683,43.071,10.346,40.578,7.2723,987.79,0,9.9028,0.4209,0.66743
790,14,140,0,100,0,227,12,320,0,29.103,1.2692,40.513,0.72524,71.875,4.4194,13.981,2.7326,31.927,8.747,790.06,0,14.142,0.22222,0.69315
913,12,140,0,100,0,255,10,420,0,27.729,0.92041,45.99,0.58572,60.317,2.7493,67.143,10.417,14.882,3.2091,913.38,0,11.547,0.3125,0.63651
909,34,140,0,100,0,199,17,469,33,22.008,1.7444,51.561,2.1834,42.878,5.2345,24.574,2.9434,13.23,2.0422,909.83,0.15385,34.269,0.39286,1.5858
856,22,140,0,100,0,210,21,408,23,24.286,2.4171,47.662,2.3282,51.241,7.5217,29.981,7.9102,37.227,6.5475,856.22,0,21.909,0.19444,0.67301
1088,27,140,0,100,0,62,23,786,36,5.6957,2.212,72.24,2.3332,7.9972,3.6799,53.239,12.827,37.977,8.6402,1088.7,0.032258,26.72,0.34863,1.6198
838,39,140,0,100,0,197,16,401,38,23.613,1.9387,47.697,2.661,49.85,6.7026,9.466,3.8046,20.725,6.5979,839.15,0.17143,38.615,0.28627,1.9945
862,102,140,0,100,0,203,22,419,105,23.857,3.7249,47.962,6.2896,51.596,15.814,23.202,14.995,19.922,6.6951,868.18,0.36,102.03,0.34467,2.0788
649,37,140,0,100,0,150,15,259,41,23.282,2.7388,39.644,4.1614,59.951,12.728,17.558,6.0432,32.422,10.811,650.35,0.26667,37.04,0.2872,1.8989
800,0,140,0,100,0,207,23,340,0,27.5,0,42.5,0,64.706,0,21.53,10.042,16.513,4.6198,800,0,0,0.44444,-0
630,35,140,0,100,0,145,20,246,34,22.867,3.0731,38.926,3.8433,59.975,13.929,18.569,5.3059,34.944,15.348,630.9,0.3,34.641,0.28118,1.8479
768,11,140,0,100,0,213,10,316,9,27.598,1.2089,41.147,1.08,67.167,4.6529,40.603,8.4477,20.036,1.0234,768.06,0,10.954,0.19444,0.67301
804,46,140,0,100,0,179,9,387,45,22.115,1.4073,47.941,2.971,46.463,5.8875,15.945,6.0524,21.213,2.747,805.23,0.26667,46.105,0.52734,2.0838
773,12,140,0,100,0,195,10,340,20,25.011,1.7088,43.95,2.0481,57.108,6.4242,19.008,3.2732,15.642,1.0896,773.39,0,11.547,0.3125,0.63651
832,34,140,0,100,0,181,8,411,31,21.783,0.98704,49.319,1.8573,44.291,3.5346,33.858,11.619,21.954,5.5183,832.47,0.12821,33.94,0.29437,1.795
713,18,140,0,100,0,200,19,271,19,28.302,2.3492,38.003,2.2929,75.043,10.701,26.168,5.6137,55.995,18.421,712.95,0,18.488,0.36806,1.2637
980,35,140,0,100,0,188,10,551,36,19.262,1.2629,56.222,1.8572,34.349,3.2653,26.883,5.9519,26.022,3.9823,980.52,0.28571,34.641,0.39062,1.5498
815,31,140,0,100,0,201,18,373,31,24.858,2.096,45.652,2.5609,54.825,7.3617,30.123,5.9667,25.219,6.5134,815.57,0.0625,31.411,0.23529,1.5765
830,67,140,0,100,0,237,10,353,68,28.694,2.6433,42.189,4.9441,69.869,17.099,25.23,6.1331,46.562,10.59,832.16,0.21739,67.114,0.35243,1.8242
1100,57,140,0,100,0,207,12,660,57,18.206,0.93626,59.947,2.0598,30.415,2.6068,20.86,5.7383,15.25,5.2324,1100.7,0,56.569,0.22222,0.69315
1076,674,140,0,100,0,220,36,620,695,24.84,10.482,48.254,19.256,62.491,37.836,44.312,8.8909,31.145,5.7597,1233.2,0.2,673.56,0.36111,0.5004
1100,0,140,0,100,0,273,42,570,42,26.364,3.8569,51.818,3.8569,51.296,11.261,35.584,3.144,40.936,10.345,1100,0,0,0.22222,-0
939,19,140,0,100,0,191,15,508,21,20.341,1.5677,54.09,1.6551,37.714,3.8159,38.132,13.789,40.724,14.487,939.18,0,18.89,0.4127,1.2396
960,42,140,0,100,0,247,18,474,27,25.598,1.1651,49.357,1.0222,51.905,3.0147,48.307,16.884,13.38,2.2145,960.83,0.2,42.164,0.28099,1.6957
799,24,140,0,100,0,93,26,467,34,11.534,3.2468,58.406,3.3701,20.103,6.6116,39.013,4.5885,31.91,5.7851,799.49,0.13043,24.479,0.32118,1.4356
1005,20,140,0,100,0,213,10,552,22,21.201,1.0246,54.902,1.2641,38.675,2.6659,29.247,8.6502,18.121,3.8128,1004.9,0.029412,20.336,0.31673,1.2394
1000,20,140,0,100,0,195,19,567,31,19.338,2.3332,56.655,2.4484,34.295,5.6845,33.073,7.1388,28.321,2.3847,1000.1,0,20,0.3125,1.0986
671,19,140,0,100,0,178,52,253,51,26.511,7.7021,37.682,7.653,75.994,29.353,59.223,18.691,49.223,14.739,671.06,0.14,19.042,0.2599,1.3335
888,109,140,0,100,0,209,30,432,105,24.697,4.002,47.738,8.5363,56.696,30.878,23.575,5.4407,30.379,11.468,894.02,0.3,109.22,0.34711,0.80182
879,154,140,0,100,0,199,50,441,165,23.414,8.8485,48.319,13.978,82.519,144.39,38.171,11.722,28.012,9.3192,891.19,0.4,154.08,0.30078,1.9913
1072,60,140,0,100,0,229,20,603,59,21.358,2.0471,56.174,2.8779,38.293,5.6705,11.134,2.1535,48.921,9.2477,1073.2,0.19355,59.95,0.30176,1.7433
643,17,140,0,99,8,167,24,235,28,26.193,3.5073,36.457,3.8377,73.317,14.745,16.479,3.386,52.953,14.974,643.25,0.075472,17.274,0.38169,1.2345
545,40,136,11,119,60,120,14,171,15,22.348,2.7858,31.59,3.3949,71.166,9.2798,18.749,10.273,29.339,7.0118,546.35,0.125,39.665,0.33218,1.1275
1040,57,140,0,100,0,247,12,550,71,24.111,2.6713,52.778,3.9284,46,8.4853,18.075,6.1669,21.922,1.1503,1040.8,0,56.569,0.22222,0.69315
950,42,140,0,100,0,187,42,530,14,18.833,5.1135,55.878,3.9841,34.117,11.584,30.046,3.5622,10.912,4.1334,950.47,0,42.426,0.22222,0.69315
551,19,140,0,100,0,135,15,176,17,24.404,2.5084,31.985,2.615,77.222,13.291,14.292,3.7343,23.125,6.3089,551.2,0.090909,18.684,0.28472,1.1685
711,16,140,0,100,0,150,68,306,70,23.425,8.0944,42.826,8.7287,58.73,23.203,25.635,11.609,53.906,20.576,711.58,0.14286,15.736,0.39062,0.9557
953,35,140,0,100,0,172,34,542,49,17.938,3.6188,56.837,3.8973,32.081,7.9769,28.739,11.08,40.769,9.1209,953.28,0.13333,34.634,0.3642,1.8646
796,25,140,0,100,0,158,16,399,30,19.744,2.0912,50.066,2.5404,39.73,6.1822,34.387,11.45,39.418,9.8081,796.15,0.090909,25.376,0.43339,1.5633
796,22,140,0,100,0,206,17,349,28,25.981,2.3585,43.847,2.7287,59.764,8.8972,25.309,8.7754,23.609,6.9004,796.27,0,21.647,0.24609,1.3398
1056,53,140,0,100,0,244,9,573,53,23.13,1.4021,54.094,2.3884,42.946,4.4519,60.762,21.074,43.76,13.403,1057.5,0.25,53.143,0.26997,1.9862
1163,51,140,0,100,0,104,22,818,41,8.9625,1.76,70.365,1.5979,12.789,2.8232,45.091,20.33,66.361,16.332,1164.1,0.15385,50.89,0.38265,1.9915
831,18,140,0,100,0,193,69,403,64,22.574,8.2013,48.521,8.0032,49.828,21.592,70.945,17.558,57.725,14.521,830.85,0,18.31,0.24609,1.1596
849,15,140,0,100,0,197,15,412,22,23.224,1.8227,48.493,2.01,48.134,6.1983,42.806,19.226,29.404,11.822,848.95,0,14.927,0.33143,1.1073
0,0,0,0,0,0,0,0,0,0,0,0,0,0,0,0,0,0,0,0,0,0,0,0,0
829,23,140,0,100,0,213,14,377,26,25.62,1.7189,45.4,2.1407,56.723,6.4945,21.534,6.0293,17.369,3.7065,829.1,0.073171,23.259,0.29082,1.43
980,53,140,0,100,0,213,17,528,50,21.712,1.9161,53.731,2.7268,40.655,5.8089,31.913,10.564,11.826,5.34,981.27,0.25,53.452,0.32099,1.6675
904,51,140,0,100,0,215,31,449,55,23.832,3.4838,49.535,4.1184,48.855,9.3407,36.396,7.9589,24.642,11.818,905.27,0.13889,50.781,0.3141,1.9942
847,32,140,0,100,0,230,16,377,31,27.24,1.8499,44.397,2.3515,61.716,7.282,22.046,5.6109,21.43,4.8669,847.92,0.1,32.156,0.24142,1.8146
1143,36,140,0,100,0,200,15,701,27,17.664,0.78475,61.32,0.80258,28.821,1.5504,17.062,3.9565,15.658,3.1391,1143.5,0.15,35.703,0.37188,1.6696
794,19,140,0,100,0,198,53,357,51,24.763,6.9861,45.006,6.7325,57.64,20.646,49.176,19.753,65.918,6.1326,794.48,0,19.024,0.29688,0.9557
891,52,140,0,100,0,195,23,456,57,21.966,2.9396,51.018,3.9223,43.74,9.4599,27.598,8.6999,25.444,12.622,892.85,0.27027,52.396,0.36357,2.1973
950,42,140,0,100,0,247,12,460,28,26.309,0.31371,48.403,0.81565,54.356,0.26784,43.58,20.228,27.186,7.4299,950.47,0,42.426,0.22222,0.69315
913,24,140,0,100,0,189,75,490,94,20.177,8.8665,53.53,9.2511,40.343,18.427,32.528,9.9377,55.888,16.276,913.6,0,24.221,0.2449,1.3297
776,14,140,0,100,0,227,10,309,15,29.285,1.2615,39.766,1.4642,73.84,5.8459,37.125,9.6802,21.864,4.9949,775.83,0,13.986,0.45333,0.99228
1180,57,140,0,100,0,267,12,670,71,22.936,2.298,56.701,3.2742,40.636,6.3994,17.853,5.6087,17.873,5.1245,1180.7,0,56.569,0.22222,0.69315
876,61,140,0,100,0,236,18,398,52,27.201,1.8452,45.274,3.1142,60.563,8.2064,23.858,5.4024,36.489,24.324,877.47,0.22222,61.464,0.21,1.8892
983,114,140,0,99,3,210,12,533,115,21.649,2.8371,53.602,5.6364,41.404,10.083,13.793,5.0337,12.548,2.9138,989.38,0.41176,114.43,0.26776,2.1799
950,14,140,0,100,0,247,12,460,28,26.33,1.8806,48.404,2.2567,54.545,6.4282,19.555,2.5764,16.085,1.2191,950.05,0,14.142,0.44444,0.69315
798,25,140,0,100,0,176,11,382,26,22.034,1.4113,47.866,1.9836,46.216,4.6846,16.249,3.6322,24.534,5.2512,798.47,0.071429,24.913,0.36777,1.5125
654,27,140,0,100,0,145,9,269,26,22.227,1.4626,41.014,2.5484,54.597,6.8895,7.3421,1.5743,12.401,2.2284,654.53,0.06,26.573,0.38293,1.6294
919,17,140,0,100,0,230,22,449,32,25.048,2.6799,48.828,2.9277,51.781,8.501,46.676,13.533,26.907,7.7088,919.14,0,16.512,0.43537,1.1648
912,26,140,0,100,0,177,65,496,70,19.316,7.2057,54.354,7.2842,37.849,17.868,45.845,13.249,67.265,14.97,912.58,0.055556,25.869,0.26589,1.5706
891,44,140,0,100,0,214,11,437,38,24.019,1.0621,48.99,2.0012,49.174,3.9643,26.455,7.6664,29.453,11.829,892.35,0.21739,44.242,0.40104,1.828
1050,14,140,0,100,0,200,20,600,0,19.993,1.0776,57.148,0.76971,35,2.357,19.478,6.5532,50.019,5.4793,1050,0,14.142,0.22222,0.69315
843,18,140,0,100,0,192,13,411,17,22.77,1.4154,48.747,1.4396,46.83,4.3198,27.185,7.1091,15.503,3.1583,843.2,0.075,18.425,0.40333,1.2721
752,11,140,0,100,0,230,11,280,0,30.839,1.0129,37.24,0.54539,82.857,3.9123,14.471,4.4954,56.177,26.825,752.06,0,10.954,0.19444,0.67301
993,62,140,0,100,0,246,13,507,57,24.89,1.58,50.862,2.8247,49.226,5.8174,18.549,5.0076,19.889,4.879,995.09,0.33333,61.693,0.47337,2.0228
815,10,140,0,100,0,220,0,355,10,26.997,0.33537,43.552,0.70122,62.01,1.7974,15.34,3.2978,33.463,10.885,815.05,0,10,0.4,0.56234
847,13,140,0,100,0,223,11,385,15,26.184,1.193,45.464,1.3343,57.701,4.1302,24.972,8.463,63.577,10.78,846.76,0,13.027,0.31953,0.91843
920,42,140,0,100,0,205,9,475,43,22.373,1.4044,51.492,2.359,43.634,4.584,22.311,7.5574,23.209,4.4953,920.87,0.18182,41.952,0.32639,1.6417
893,42,140,0,100,0,215,10,440,53,23.953,2.3357,49.143,3.558,49.127,8.0119,33.709,10.398,53.197,6.2477,893.98,0.33333,41.633,0.3125,1.0986
880,20,140,0,100,0,215,19,420,20,24.991,2.0635,47.727,1.9681,52.54,6.5696,24.693,1.1649,13.618,1.9153,880.15,0,20,0.3125,1.0986
640,85,133,31,247,99,100,0,140,0,15.764,2.09,22.069,2.926,71.429,2.0097e-14,0,0,0,0,642.81,0.5,84.853,0.22222,0.69315
750,240,140,0,100,0,180,53,300,255,29.835,11.449,36.432,22.263,112.5,100.17,49.389,9.2409,0,0,769.03,0.5,240.42,0.22222,0.69315
809,28,140,0,100,0,208,15,360,26,25.798,1.7902,44.489,2.1297,58.243,6.4762,29.492,4.0333,23.043,6.9544,808.99,0,27.946,0.23438,1.277
837,50,140,0,100,0,214,13,383,48,25.65,1.9159,45.556,3.343,56.942,9.1416,31.366,11.612,43.985,9.8545,837.93,0.275,49.591,0.29506,1.9028
651,24,140,0,100,0,138,17,272,26,21.234,2.5772,41.826,2.9649,51.545,12.011,36.363,9.6783,51.46,10.343,651,0.13208,24.052,0.34945,1.4994
933,267,140,0,100,0,207,62,480,283,25.358,11.478,46.169,21.711,105.92,129.98,31.311,6.8205,58.558,16.915,965.38,0.625,267.03,0.2963,1.5596
736,52,140,0,100,0,154,15,343,52,20.927,2.3456,46.319,3.8949,45.833,8.2835,25.654,13.096,41.611,10.838,737.86,0.19565,51.746,0.38207,1.8076
931,39,140,0,100,0,262,13,429,38,28.093,1.5268,46.074,2.2527,61.247,5.9192,18.335,5.7306,33.049,7.8279,931.35,0.11111,38.983,0.32871,1.8574
752,39,140,0,100,0,168,14,344,32,22.281,1.4045,45.719,2.1866,48.943,5.0669,42.936,13.797,27.097,8.7551,753,0.15556,39.173,0.3086,1.9798
748,47,140,0,100,0,188,17,320,47,25.235,2.6772,42.544,4.425,60.915,16.274,54.016,14.819,43.539,14.815,749.61,0.34091,46.719,0.35457,1.5235
680,0,140,0,100,0,167,12,270,14,25,2.0797,39.706,2.0797,63.187,8.5474,19.256,5.4904,61.128,22.686,680,0,0,0.44444,-0
1349,38,140,0,100,0,242,11,867,41,17.991,1.0008,64.207,1.3648,28.062,2.1406,18.142,5.7827,16.177,3.179,1349.7,0.083333,37.754,0.2528,1.8709
853,42,140,0,100,0,220,0,393,42,25.821,1.2345,46.01,2.5812,56.335,5.7174,32.775,25.123,43.751,18.883,854.01,0.33333,41.633,0.3125,1.0986
1091,25,140,0,100,0,265,9,586,28,24.357,1.0689,53.643,1.4177,45.477,3.1565,21.996,4.869,23.751,4.1393,1091.7,0,25.448,0.45312,1.3518
1017,11,140,0,100,0,158,11,618,10,15.609,1.0079,60.789,0.92054,25.708,2.0985,81.268,16.117,40.558,9.1849,1017,0,11.315,0.10986,0.83183
895,119,140,0,100,0,208,13,446,113,23.562,2.5939,49.153,5.9794,49.258,11.35,22.599,5.5643,18.654,5.7025,902.3,0.37838,119.32,0.37465,2.1256
1010,138,140,0,100,0,251,11,517,142,25.5,3.835,50.383,6.9176,52.276,14.647,46.495,8.9816,18.915,6.6808,1017.8,0.33333,137.84,0.32653,1.5607
970,12,140,0,100,0,276,9,455,19,28.359,1.2507,46.896,1.4834,60.577,4.4683,83.623,15.391,34.277,5.042,970.05,0,11.547,0.24,0.69315
856,17,140,0,100,0,230,17,388,18,26.628,1.9279,45.326,1.8758,58.965,6.5966,30.525,8.238,32.297,13.716,856.13,0,16.733,0.36111,1.0549
800,218,140,0,100,0,136,9,425,219,17.789,4.8391,50.672,12.37,38.466,18.644,18.582,13.906,41.775,22.268,821.95,0.25,217.87,0.24,1.3863
940,139,140,0,100,0,220,16,480,140,23.721,3.974,50.402,7.1278,48.384,14.407,13.491,2.2649,13.745,1.7948,946.78,0.33333,138.56,0.3125,0.63651
984,31,140,0,100,0,199,11,545,30,20.249,1.1482,55.329,1.5366,36.673,3.0477,34.049,9.7103,54.62,11.277,984.11,0.045455,31.251,0.29868,1.728
960,35,140,0,100,0,235,10,487,31,24.312,1.0976,50.667,1.5701,48.054,3.5718,29.178,15.028,18.956,2.8779,960.42,0.33333,34.641,0.3125,0.63651
780,0,140,0,100,0,193,12,340,0,25.641,0,43.59,0,58.824,0,23.909,3.0865,31.114,4.0688,780,0,0,0.44444,-0
851,53,140,0,100,0,206,10,405,48,24.221,1.2825,47.465,2.7204,51.314,5.2553,54.016,16.231,26.32,8.5148,852.36,0.30769,52.685,0.31687,2.0076
848,82,140,0,100,0,178,12,430,76,21.083,1.7027,50.381,3.9779,42.32,6.4603,11.536,3.9696,35.677,10.688,852.06,0.27586,81.682,0.38111,2.0592
849,52,140,0,100,0,164,9,445,50,19.369,1.453,52.265,2.9233,37.324,5.0857,5.5897,1.639,29.299,6.7495,850.67,0.22857,51.642,0.42515,2.1089
787,12,140,0,100,0,195,10,353,23,24.594,1.8135,44.893,2.2576,55.005,6.6136,41.444,5.1977,53.055,15.4,786.72,0,11.547,0.3125,0.63651
1040,260,140,0,100,0,240,20,565,248,23.496,5.0678,52.293,11.088,48.214,20.74,44.588,24.294,34.544,10.222,1064,0.5,259.74,0.32,1.3863
766,34,140,0,100,0,180,31,346,42,23.518,3.936,45.087,4.2953,53.298,12.857,43.621,15.076,51.197,15.281,766.63,0.22727,33.572,0.2321,1.6774
860,28,140,0,100,0,213,12,410,14,24.405,0.84179,47.673,0.076527,51.19,1.6836,31.719,5.4288,26.461,6.0296,860.23,0,28.284,0.44444,0.69315
969,99,140,0,100,0,199,14,530,98,20.746,2.4106,54.254,4.5764,38.855,7.7869,24.35,11.136,24.746,12.426,974.21,0.33333,99.062,0.29969,2.1093
913,12,140,0,100,0,245,10,427,12,27.005,1.1257,46.715,1.0878,57.864,3.7323,51.714,7.4324,53.12,12.989,913.38,0,11.547,0.4375,0.63651
790,12,140,0,100,0,80,49,470,48,10.064,7.0108,59.551,6.6547,18.167,15.118,65.164,1.3091,73.835,14.919,790.06,0,11.547,0.16,0.69315
832,29,140,0,100,0,211,20,381,36,25.412,2.6491,45.715,3.1386,56.225,9.8296,38.336,9.4241,43.248,12.036,832.69,0.097561,28.941,0.55839,1.7388
930,14,140,0,100,0,180,0,510,14,19.357,0.29436,54.833,0.68683,35.308,0.97907,13.856,7.7923,22.031,1.5526,930.05,0,14.142,0.44444,0.69315
1230,24,140,0,100,0,220,14,773,26,17.687,1.0884,62.794,1.2332,28.206,2.3296,26.896,8.8899,49.377,11.288,1230.2,0,23.905,0.22222,1.3863
592,59,140,0,100,0,133,16,220,42,22.249,1.0225,36.897,3.4666,60.671,5.642,35.781,12.546,43.682,12.516,594.37,0.4,59.33,0.36111,1.3322
993,44,140,0,100,0,203,8,549,48,20.562,1.4417,55.219,2.4203,37.406,4.3089,28.344,11.331,16.929,3.8739,993.62,0.27273,44.066,0.36806,1.9722
1340,35,140,0,100,0,250,12,847,23,18.899,0.3788,63.183,0.091436,29.911,0.55672,17.115,2.5493,26.652,9.5634,1340.3,0,34.641,0.3125,0.63651
801,15,140,0,100,0,210,16,351,26,26.307,2.2368,43.728,2.5886,60.654,8.93,32.517,7.2916,34.228,7.5692,801.31,0,14.951,0.39815,1.0551
1320,40,140,0,100,0,260,0,820,40,19.709,0.59752,62.098,1.1491,31.758,1.551,33.452,3.4147,44.018,14.481,1320.4,0,40,0.1875,1.0986
890,84,140,0,100,0,203,8,447,83,23,2.1257,49.834,4.5727,46.789,8.3363,24.743,7.6938,25.67,5.8153,893.27,0.33333,83.666,0.28571,1.5607
723,15,140,0,100,0,183,8,300,13,25.344,0.93428,41.464,1.1212,61.2,3.694,12.12,3.291,8.9744,0.93593,723.46,0,15.055,0.40816,1.0114
979,23,140,0,100,0,263,24,475,32,26.976,2.4364,48.506,2.5935,56.029,8.0862,61.275,14.508,37.451,9.6844,979.68,0.088235,23.347,0.46531,1.4969
645,18,140,0,100,0,129,11,277,17,19.938,1.5217,42.839,1.7836,46.739,5.2952,21.29,6.2414,28.461,7.5098,645.54,0.075472,18.46,0.30624,1.3191
1005,90,140,0,100,0,179,14,587,88,17.852,1.8493,58.057,3.9389,31.099,5.4909,18.72,4.726,24.751,5.0959,1008.8,0.39394,90.282,0.31747,1.9839
808,20,140,0,100,0,189,10,379,19,23.361,1.1764,46.913,1.4421,49.908,3.9863,15.322,3.0792,32.906,11.158,808.06,0,19.761,0.42882,1.3023
930,17,140,0,100,0,200,12,490,11,21.496,1.0929,52.691,0.9129,40.833,2.6895,38.617,9.2953,12.604,2.4977,930.13,0,16.733,0.28571,0.86756
860,20,140,0,100,0,195,10,427,12,22.471,0.94028,49.612,0.67134,45.31,2.3842,22.353,9.4539,27.889,2.825,860.16,0,20,0.5625,1.0986
729,30,140,0,100,0,166,17,323,26,22.747,2.0108,44.293,2.3308,51.664,6.4941,25.985,8.5488,35.577,11.821,729.95,0.23404,29.738,0.39887,1.7021
815,25,140,0,100,0,180,24,390,35,22.712,3.1076,47.819,3.3878,48.016,10.008,7.5301,2.5277,51.54,23.88,815.29,0,25.166,0.4,1.0397
760,0,140,0,100,0,247,12,270,14,32.895,1.8608,35.526,1.8608,92.857,10.102,37.382,6.4665,85.846,15.155,760,0,0,0.44444,-0
668,145,140,0,100,0,137,46,300,187,20.893,10.47,41.865,17.881,67.108,51.678,15.164,4.2479,31.989,8.0587,680.41,0.4,144.64,0.19444,1.3322
1001,180,140,0,100,0,225,34,537,184,23.064,5.4828,52.269,8.9037,47.261,20.111,31.726,8.7093,48.17,13.232,1016.2,0.29167,180,0.2816,1.9109
700,65,140,0,100,0,156,25,304,66,22.336,4.0596,43.125,5.6622,53.579,14.966,16.974,7.0881,18.995,12.485,702.85,0.22222,65.079,0.37673,1.6581
784,13,140,0,100,0,235,9,308,10,30.1,0.89371,39.281,0.94218,76.708,3.9109,33.131,6.7393,17.041,5.1499,784.09,0,12.649,0.39669,0.89795
787,31,140,0,100,0,205,10,340,35,26.304,1.9075,43.157,2.8098,61.294,8.1266,40.463,14.68,29.892,9.8651,787.06,0.33333,30.551,0.3125,1.0986
880,28,140,0,100,0,220,20,430,14,23.85,0.84049,48.863,0.036543,48.81,1.6836,36.916,13.382,29.147,9.7185,880.23,0,28.284,0.22222,0.69315
1000,66,140,0,100,0,247,16,512,72,24.899,2.5706,51.018,3.8439,49.314,8.6428,23.814,5.6789,38.546,21.148,1001.8,0.2,66.332,0.25,1.3322
517,8,140,0,93,21,100,19,171,11,20.44,1.8234,33.143,1.8818,62.103,9.1679,19.171,11.208,36.844,24.291,517.19,0,7.5593,0.23438,0.41012
812,117,140,0,100,0,160,16,412,112,19.999,2.8242,49.849,6.5842,41.505,11.23,16.015,7.6982,17.452,4.8007,820.11,0.40476,117.12,0.38507,2.1797
1189,36,140,0,100,0,232,39,716,58,19.624,3.5007,60.166,3.7346,33.109,8.3174,26.112,6.5858,44.261,9.3848,1189.1,0.10714,35.872,0.4019,1.8081
1047,204,140,0,100,0,240,0,567,204,23.472,4.1736,53.056,8.3472,45.714,14.07,37.942,10.641,24.607,2.937,1059.9,0.33333,204.29,0.3125,1.0986
823,20,140,0,100,0,200,12,383,27,24.313,1.8421,46.523,2.3326,52.544,6.8309,19.802,3.5191,22.137,5.1427,823.53,0,19.664,0.32653,1.0114
900,0,140,0,100,0,227,23,440,28,24.444,3.1427,48.889,3.1427,50.311,9.6623,25.7,1.0634,20.742,0.90833,900,0,0,0.22222,-0
1103,36,140,0,100,0,243,24,618,50,22.195,2.5767,56.013,3.0691,39.985,6.9007,22.815,5.4231,37.432,10.101,1103.1,0.041667,36.025,0.368,1.8891
1280,28,140,0,100,0,233,12,810,42,17.985,1.5023,63.26,1.9167,28.48,3.2377,5.083,0.32045,14.134,0.93324,1280.2,0,28.284,0.22222,0.69315
965,31,140,0,100,0,192,13,532,26,19.968,1.1566,55.128,1.3121,36.282,2.9516,30.768,10.427,64.951,17.045,965.15,0.1,30.932,0.37461,1.717
820,28,140,0,100,0,200,35,370,14,25.536,4.2931,45.179,3.283,57.018,13.646,22.845,0.91508,10.627,1.3111,820.24,0,28.284,0.22222,0.69315
921,25,140,0,100,0,203,13,479,24,22.028,1.3453,51.908,1.5608,42.54,3.7451,22.501,5.8158,35.191,7.9714,921.82,0.11111,25.375,0.37628,1.6036
985,50,140,0,100,0,248,11,495,44,25.404,1.1358,50.182,2.1081,50.754,4.2416,24.018,8.0902,19.125,5.2097,985.95,0.25,50,0.32,1.3863
1140,28,140,0,100,0,280,0,620,28,24.569,0.60957,54.372,1.1321,45.208,2.0624,15.341,2.3764,15.916,5.8696,1140.2,0,28.284,0.22222,0.69315
950,14,140,0,100,0,247,12,470,14,25.266,0.37612,49.468,0.75224,51.087,1.5372,28.062,10.098,13.861,0.74311,950.05,0,14.142,0.44444,0.69315
727,12,140,0,100,0,210,12,280,20,28.453,1.8588,38.514,2.2384,74.237,9.2981,17.649,11.344,26.089,4.0967,726.73,0,11.547,0.1875,0.63651
841,38,140,0,100,0,154,13,448,38,18.278,1.6423,53.134,2.4397,34.595,4.6311,7.7307,3.7922,28.686,9.0418,842,0.17647,37.8,0.3249,1.8972
1093,100,140,0,100,0,195,14,657,94,18.014,1.4726,59.858,3.2601,30.289,4.0018,25.869,9.4084,21.909,4.4966,1097.6,0.33333,99.618,0.45703,1.9687
1040,28,140,0,100,0,220,0,580,28,21.162,0.57552,55.753,1.2034,37.976,1.8519,44.226,3.7171,57.261,5.5172,1040.2,0,28.284,0.22222,0.69315
931,46,140,0,100,0,203,9,489,42,21.808,1.0287,52.366,2.0362,41.768,3.4182,38.918,5.7239,15.123,2.4417,932.51,0.10714,45.681,0.32342,1.9445
817,32,140,0,100,0,201,42,376,49,24.564,5.1701,46.001,5.2839,55.114,15.781,25.284,6.2309,65.423,18.369,817.19,0.2,32.353,0.35571,1.7465
996,124,207,26,545,115,100,0,140,0,10.189,1.2731,14.265,1.7823,71.429,6.8267e-15,0,0,0,0,1002.8,0.42857,123.83,0.24,1.9085
772,11,140,0,100,0,203,23,336,26,25.412,2.4634,43.495,2.8395,58.931,9.743,39.66,2.0306,60.815,19.894,772.06,0,10.954,0.36111,0.67301
920,28,140,0,100,0,233,12,440,28,26.099,0.80239,47.801,1.6048,54.658,3.5136,25.927,2.5918,40.837,18.052,920.22,0,28.284,0.22222,0.69315
820,19,140,0,100,0,186,36,394,38,22.715,4.4128,48.002,4.4493,48.763,16.228,26.442,7.9223,61.422,13.993,820.21,0,18.787,0.30015,1.2464
1094,10,140,0,100,0,260,0,594,10,23.768,0.21143,54.293,0.4066,43.782,0.72179,24.663,6.5938,30.079,3.8947,1094,0,9.6609,0.38017,0.61086
854,15,140,0,100,0,223,7,391,16,26.092,0.91625,45.807,1.1747,57.032,3.4071,50.732,8.6142,21.837,6.5045,854.4,0,15.119,0.26562,1.0042
621,30,140,0,100,0,154,15,228,30,24.753,2.3346,36.547,3.1262,68.658,12.413,6.0136,1.6969,64.987,19.781,622.19,0.092593,30.057,0.31008,1.5511
853,12,140,0,100,0,215,44,393,46,25.748,5.9685,46.124,5.7359,57.61,21.56,18.91,7.0996,21.277,4.1383,853.39,0,11.547,0.3125,0.63651
1130,14,140,0,100,0,280,0,610,14,24.781,0.31013,53.979,0.57596,45.914,1.0645,44.718,6.4589,44.104,2.3865,1130,0,14.142,0.22222,0.69315
990,66,140,0,100,0,228,30,525,68,22.763,3.5086,52.916,4.0943,43.568,9.8432,33.352,12.203,61.324,13.973,991.67,0.25,66.332,0.16,1.0397
828,32,140,0,100,0,182,25,413,37,21.182,1.9343,49.779,2.6279,42.808,5.7798,7.8711,2.944,47.975,14.623,828.04,0.125,31.96,0.37037,1.213
869,44,140,0,100,0,183,11,446,46,21.108,1.7657,51.193,2.876,41.534,5.8227,8.7825,3.6466,29.907,15.17,869.64,0.28571,44.078,0.42355,1.7486
862,18,140,0,100,0,198,8,425,16,22.905,0.87698,49.243,1.0915,46.568,2.6855,24.49,6.3188,21.256,7.3326,862.23,0.051282,17.649,0.36563,1.2338
1100,0,140,0,100,0,260,11,600,12,23.636,1.0497,54.545,1.0497,43.379,2.7626,27.51,5.2022,41.726,20.208,1100,0,0,0.60938,-0
1043,41,140,0,100,0,220,0,583,41,21.113,0.83542,55.854,1.7468,37.872,2.7134,21.302,2.8201,34.242,13.81,1044,0.16667,40.825,0.28571,1.5607
1174,115,140,0,100,0,223,11,711,113,19.144,1.8128,60.245,3.5229,32.025,4.6873,12.346,2.859,13.62,1.9229,1179,0.23077,114.71,0.31122,1.9513
1019,51,140,0,100,0,215,55,564,69,21.175,5.4436,55.224,5.632,39.658,13.497,38.949,11.367,68.108,13.528,1020.6,0.27273,51.353,0.32612,2.1099
736,19,140,0,100,0,173,12,324,19,23.37,1.6059,44.001,1.8237,53.322,5.6948,15.132,2.4683,39.63,9.7516,736.22,0,18.822,0.30859,1.2654
1014,35,140,0,100,0,225,11,549,37,22.147,1.3763,54.151,2.0004,41.039,4.1025,31.114,8.9433,39.183,10.067,1014.2,0.15789,34.675,0.3725,1.8225
813,21,140,0,100,0,166,10,407,21,20.496,1.2286,49.98,1.5344,41.094,3.5806,37.663,9.7368,46.45,6.775,813.55,0,20.656,0.28571,1.2425
770,11,140,0,100,0,203,8,327,10,26.406,0.94145,42.42,0.9978,62.316,3.6302,11.425,3.0373,77.137,18.01,770.06,0,10.954,0.40816,0.69315
1100,125,140,0,100,0,203,11,658,123,18.614,2.254,59.278,4.8361,31.938,6.9299,20.5,5.7617,10.351,2.0911,1106.8,0.38462,124.84,0.41152,2.1444
1213,39,140,0,100,0,238,22,732,46,19.885,1.7319,60.311,2.1379,33.099,3.8487,44.569,7.4707,25.219,4.2946,1213.7,0.086957,39.363,0.32465,1.9941
799,43,140,0,100,0,179,13,379,38,22.554,1.3625,47.319,2.3382,47.88,4.9591,13.711,4.3525,38.915,8.2036,799.89,0.21212,42.702,0.33131,2.0803
740,28,140,0,100,0,233,12,270,14,31.067,0.72365,36.477,0.51689,85.165,0.77704,12.21,1.6024,35.682,3.2855,740.27,0,28.284,0.22222,0.69315
829,179,140,0,100,0,180,18,409,181,22.757,5.2507,47.001,11.144,53.908,24.353,19.988,5.5956,24.994,6.6036,847.66,0.375,179.11,0.31172,2.0831
748,11,140,0,100,0,230,11,276,17,31.024,1.6018,36.885,1.853,84.447,8.4146,40.725,5.956,50.796,15.447,748.06,0,10.954,0.36111,0.67301
940,84,140,0,100,0,203,59,500,136,21.688,7.5459,52.63,9.2093,43.821,19.177,42.657,15.824,54.924,20.96,942.97,0.2,83.666,0.25,1.6094
880,35,140,0,100,0,221,17,419,29,25.146,1.6576,47.542,1.8879,53.073,5.2496,22.229,3.1051,18.149,3.0301,880.64,0.26667,34.641,0.39453,1.7141
768,43,140,0,100,0,174,47,354,64,22.795,6.2107,45.868,6.8238,52.818,22.551,58.09,16.564,62.213,16.401,769.33,0.34091,42.551,0.20741,2.1273
906,30,140,0,100,0,221,10,445,29,24.407,1.2871,49.089,1.8667,49.888,4.6974,60.181,12.835,42.12,10.129,906.96,0,29.834,0.34003,1.6647
745,25,140,0,100,0,146,12,358,22,19.625,1.5419,48.111,1.8066,40.936,4.6072,13.345,3.6453,14.97,5.7586,744.99,0.15385,24.703,0.32143,1.5247
880,16,140,0,100,0,152,11,490,12,17.037,1.1115,55.683,0.93382,30.625,2.466,13.377,1.273,33.212,15.449,880.11,0,16.33,0.56,1.0397
823,40,140,0,100,0,210,16,372,37,25.627,1.9515,45.135,2.6311,57.166,7.566,19.122,5.013,27.818,10.998,823.57,0.2,39.905,0.43359,1.7141
810,14,140,0,100,0,213,12,350,14,27.165,0.47428,43.201,0.99167,62.908,2.5419,27.555,3.0587,22.198,7.3138,810.06,0,14.142,0.44444,0.69315
862,95,140,0,100,0,224,12,398,95,26.278,3.398,45.571,6.3607,59.87,17.918,31.242,5.8517,15.599,3.1022,866.69,0.4,94.962,0.26446,1.6957
794,16,140,0,100,0,139,17,415,20,17.549,2.1027,52.228,2.1486,33.855,6.4767,35.655,15.105,29.426,10.814,794.61,0,16.291,0.23229,1.1858
945,46,140,0,100,0,181,27,525,54,19.053,2.9319,55.477,3.6639,34.822,7.5871,24.693,13.353,24.781,8.5816,945.66,0.14286,46.04,0.30941,1.9727
831,25,140,0,100,0,212,49,379,57,25.521,6.2519,45.57,6.4479,58.82,21.107,56.312,13.459,62.803,17.917,831.28,0.045455,25.243,0.24197,1.505
780,0,140,0,100,0,233,12,300,0,30.769,0,38.462,0,80,0,17.733,5.8459,38.551,2.1814,780,0,0,0.22222,-0
851,58,140,0,100,0,193,25,414,55,23.169,1.4727,48.496,3.056,48.119,5.7937,22.359,12.468,22.203,7.666,852.48,0.17647,57.679,0.36408,1.9708
1171,24,140,0,100,0,281,4,650,25,23.994,0.64955,55.51,1.023,43.259,1.9686,76.685,10.271,27.673,6.9583,1171.7,0.047619,24.142,0.40702,1.5021
987,23,140,0,100,0,255,25,493,12,25.639,2.5608,50.028,2.0418,51.444,7.1828,36.196,6.9664,28.392,8.8458,986.85,0,23.094,0.3125,0.63651
964,46,140,0,100,0,202,11,522,42,20.988,1.2117,54.077,2.0235,38.923,3.5399,23.802,7.7131,19.639,4.3149,965.4,0.11111,45.583,0.29,1.677
848,131,140,0,100,0,196,9,412,133,23.645,3.742,47.434,7.8069,52.485,16.816,17.62,7.7465,18.651,8.1808,857.85,0.3,131.25,0.36645,2.1198
740,0,140,0,100,0,220,0,280,0,29.73,0,37.838,0,78.571,0,11.142,0.40018,51.184,14.839,740,0,0,0.44444,-0
950,63,140,0,100,0,194,17,516,67,20.522,2.3199,54.109,3.6578,38.346,6.5287,29.352,8.893,26.271,4.6426,952,0.3,62.753,0.36004,2.1678
836,37,140,0,100,0,220,24,377,52,26.357,3.6175,44.881,4.5553,60.208,15.164,22.642,10.119,24.186,13.357,836.78,0.25,36.571,0.32362,1.8904
1120,16,140,0,100,0,268,33,615,50,23.689,3.6596,54.879,3.8877,43.721,10.463,24.356,2.7519,43.406,5.6805,1120.1,0,16.33,0.24,1.0397
773,12,140,0,100,0,235,19,293,31,31.062,3.0134,37.899,3.4422,82.917,15.828,45.626,0.62986,53.302,5.9361,773.39,0,11.547,0.1875,0.63651
872,183,140,0,100,0,173,77,464,249,21.012,11.933,50.518,17.064,50.803,34.14,48.313,26.68,47.48,18.421,887.24,0.4,183.08,0.30556,1.3322
775,25,140,0,100,0,170,15,365,28,21.975,1.9598,47.04,2.46,47.01,5.9582,51.476,16.881,32.021,7.9015,775.74,0.069767,25.009,0.37242,1.5922
1040,30,140,0,100,0,232,10,569,25,22.222,0.79038,54.683,1.051,40.671,2.1156,30.571,5.81,33.964,4.0949,1040.4,0,30,0.35,1.523
1031,31,140,0,100,0,183,25,608,40,17.816,2.5416,58.895,2.7956,30.534,6.3118,26.993,7.2132,52.12,10.349,1031.9,0.10714,30.516,0.25446,1.7742
1000,20,140,0,100,0,210,26,540,20,21.993,1.8084,54.001,1.7324,40.822,4.5507,30.101,16.92,47.228,16.453,1000.1,0,20,0.3125,1.0986
1034,53,140,0,100,0,231,11,563,56,22.39,1.7707,54.33,2.8256,41.483,5.4713,17.659,5.1598,19.564,5.8076,1034.9,0.39286,52.509,0.37574,2.0571
910,14,140,0,100,0,173,12,490,14,19.783,0.30744,53.841,0.71735,36.75,1.0607,19.32,10.866,19.338,6.6912,910.05,0,14.142,0.22222,0.69315
667,47,140,0,100,0,175,12,251,52,26.583,2.9125,37.294,5.1202,73.464,17.956,24.303,4.7092,50.995,8.5416,668.76,0.090909,46.71,0.42361,1.3667
829,116,140,0,100,0,192,10,396,111,23.583,2.8804,46.948,6.8746,52.096,14.148,18.272,6.3987,23.57,5.1974,836.44,0.36364,116.06,0.35417,1.9722
963,53,140,0,100,0,197,8,527,52,20.456,1.2384,54.571,2.3605,37.618,3.7836,32.755,4.3935,28.539,5.6368,964.54,0.16667,52.789,0.20408,1.5607
787,46,140,0,100,0,205,30,333,50,27.151,4.0341,42.272,4.7094,65.517,17.666,20.769,5.1069,18.672,2.39,787.57,0.33333,46.188,0.3125,0.63651
972,54,140,0,100,0,205,27,528,47,21.013,2.6785,54.23,2.8552,39.045,6.2559,25.487,10.279,30.66,13.66,973.62,0.22222,53.639,0.44875,2.2161
985,19,140,0,100,0,260,0,485,19,26.403,0.51767,49.224,0.99552,53.672,2.1569,35.783,8.2396,22.987,3.044,985.14,0,19.149,0.4,1.0397
881,36,140,0,100,0,210,10,431,38,23.94,1.6075,48.782,2.4949,49.352,5.832,13.284,3.326,7.0404,1.389,881.86,0.23529,35.687,0.33642,1.7275
831,43,140,0,100,0,227,12,365,39,27.303,1.5086,43.759,2.6206,62.779,6.9794,30.446,8.7567,32.551,9.2978,832.47,0.14286,42.695,0.37397,2.0174
790,29,140,0,100,0,211,14,340,25,26.584,1.5712,43,1.9215,62.049,6.0624,20.601,3.2619,31.657,10.427,790.47,0.1,28.674,0.34711,1.6434
979,43,140,0,100,0,246,40,493,54,25.14,4.1678,50.297,4.4283,50.989,11.886,25.561,5.2975,46.895,13.549,979.72,0.14706,42.623,0.42449,1.9425
940,104,140,0,100,0,229,16,470,92,24.593,1.8594,49.61,4.4092,50.158,8.1631,24.06,9.7618,14.471,2.0831,944.74,0.5,103.54,0.28571,1.5607
830,14,140,0,100,0,207,12,380,28,25.319,2.1353,45.761,2.628,55.556,7.8567,6.7126,0.9667,43.498,27.892,830.06,0,14.142,0.44444,0.69315
798,68,140,0,100,0,145,37,413,67,18.083,4.3069,51.595,5.1665,36.027,11.013,41.495,11.168,43.958,11.736,800.54,0.37209,68.481,0.22986,1.8858
870,14,140,0,100,0,240,0,390,14,27.59,0.44848,44.82,0.89696,61.579,2.233,11.633,1.6897,35.154,6.9286,870.06,0,14.142,0.44444,0.69315
855,28,140,0,100,0,171,60,445,76,19.965,7.4978,51.937,7.8794,40.856,17.508,33.358,17.482,63.96,14.049,855.43,0.083333,28.445,0.39053,1.5171
835,16,140,0,100,0,162,48,436,44,18.915,5.7286,52.318,5.5296,37.417,13.271,41.213,8.5763,66.718,9.1168,834.68,0,15.725,0.28472,1.0362
841,17,140,0,100,0,213,34,390,38,25.139,4.0907,46.328,4.2171,55.238,11.586,47.227,9.3832,30.495,6.7587,841.58,0.071429,16.575,0.29333,1.1164
880,57,140,0,100,0,235,14,406,56,26.704,2.1822,45.925,3.6211,58.743,8.9712,38.448,10.473,46.142,14.253,881.56,0.42857,56.569,0.32812,1.7479
768,18,140,0,100,0,217,8,312,11,28.118,0.68936,40.618,0.67342,69.25,2.4544,43.532,10.443,17.613,2.5291,768.17,0,17.889,0.25,0.95027
1020,57,140,0,100,0,180,69,620,28,15.479,7.4604,60.955,6.1535,26.146,14.879,19.554,1.4297,47.711,3.6219,1020.8,0,56.569,0.22222,0.69315
981,42,140,0,100,0,203,7,538,43,20.762,1.2004,54.732,2.1397,38.067,3.6995,33.393,7.5601,54.183,11.025,981.96,0.055556,41.993,0.36011,1.7981
840,74,140,0,100,0,165,26,434,64,19.713,3.0753,51.473,3.9678,38.834,7.7371,23.69,7.6969,26.317,8.247,842.69,0.45,74.212,0.33789,2.0174
897,24,140,0,100,0,228,10,429,28,25.498,1.474,47.733,2.0002,53.609,5.3921,34.74,8.968,33.539,8.003,897.42,0,24.3,0.45312,1.277
767,12,140,0,100,0,205,10,320,0,26.946,1.0908,41.745,0.62332,64.583,3.6084,14.701,3.1781,68.942,5.1459,766.72,0,11.547,0.3125,0.63651
544,49,133,16,145,70,136,76,148,21,21.114,3.5541,27.372,4.5167,77.738,10.451,21.76,16.063,24.082,4.408,545.97,0.1,48.808,0.19835,0.94335
965,53,140,0,100,0,215,74,512,65,21.942,7.6559,53.117,7.156,43.494,17.858,40.065,20.267,45.848,12.129,966.32,0.16667,52.657,0.29586,1.7918
1117,32,140,0,100,0,263,8,613,35,23.603,1.1257,54.889,1.663,43.086,3.3941,33.517,5.0953,36.137,9.7382,1117,0,32.042,0.44898,1.2425
820,0,140,0,100,0,207,12,370,14,25.61,1.7247,45.122,1.7247,56.871,5.9959,20.29,3.5516,19.006,0.49122,820,0,0,0.22222,-0
875,70,140,0,100,0,228,21,406,58,26.131,1.7839,46.254,3.3067,56.988,7.6144,22.962,5.907,17.044,4.1624,877.21,0.27273,69.879,0.24953,2.1736
960,0,140,0,100,0,253,12,470,14,26.042,1.4731,48.958,1.4731,53.261,4.6116,25.027,11.618,17.733,0.19792,960,0,0,0.22222,-0
835,39,140,0,100,0,204,13,391,36,24.425,1.5204,46.774,2.3161,52.467,5.4357,20.614,7.2428,16.538,7.3361,835.87,0.1875,38.688,0.29568,1.9301
881,52,140,0,100,0,182,18,459,58,20.726,2.5263,51.945,3.5662,40.357,7.2863,25.557,5.452,25.569,5.2902,882.41,0.19048,51.952,0.63017,1.6906
760,0,140,0,100,0,240,0,280,0,31.579,0,36.842,0,85.714,0,52.323,4.4199,49.582,2.2259,760,0,0,0.44444,-0
854,76,140,0,100,0,163,7,451,73,19.18,1.6084,52.519,4.0245,36.936,5.9274,18.774,4.1186,33.774,7.8937,857.4,0.35714,75.825,0.41778,1.7105
870,14,140,0,100,0,200,0,430,14,22.992,0.37374,49.419,0.82222,46.537,1.5305,23.753,2.7265,27.591,4.5323,870.06,0,14.142,0.22222,0.69315
835,87,140,0,100,0,212,15,383,79,25.508,2.2753,45.447,5.0706,57.29,11.558,34.492,9.6541,20.527,2.6752,839.15,0.41667,87.021,0.30769,1.9792
840,21,140,0,100,0,223,11,377,24,26.573,1.4833,44.821,1.9598,59.539,5.9886,50.919,14.239,37.61,9.0402,839.77,0.04878,21.207,0.35884,1.428
1074,50,140,0,100,0,224,19,610,49,20.95,1.7686,56.665,2.3306,37.141,4.5268,15.753,2.6782,24.831,7.5541,1075.5,0.28,49.84,0.36834,2.1761
920,0,140,0,100,0,273,12,400,0,30.435,0,43.478,0,70,0,39.188,2.9863,35.227,7.2622,920,0,0,0.22222,-0
1090,20,140,0,100,0,84,30,770,20,7.307,2.9133,70.669,2.5918,10.464,4.533,64.862,6.2163,48.372,14.147,1090.1,0,20,0.32,0.56234
761,43,140,0,100,0,228,10,293,45,30.117,2.3446,38.27,3.9623,80.185,15.637,34.563,7.3572,17.987,3.3459,762.53,0.35714,42.582,0.34667,1.8095
0,0,0,0,0,0,0,0,0,0,0,0,0,0,0,0,0,0,0,0,0,0,0,0,0
865,47,140,0,100,0,190,10,435,44,22.091,1.2461,50.103,2.38,44.265,4.244,15.803,3.1422,16.157,1.667,866.63,0.27273,47.405,0.39583,1.5403
955,19,140,0,100,0,237,12,476,19,25.005,0.90665,49.862,1.1597,50.21,2.917,24.263,8.764,17.032,6.0762,955.48,0.058824,19.403,0.41667,1.2033
1126,77,140,0,100,0,222,8,664,78,19.811,1.5649,58.788,2.8997,33.901,4.3044,24.341,3.6146,19.968,2.9995,1129,0.32143,76.99,0.30916,2.2087
850,21,140,0,100,0,174,15,437,23,20.393,1.8456,51.358,1.9729,39.863,5.064,30.334,9.847,29.362,6.1178,850.22,0,20.976,0.36735,1.3297
898,114,140,0,100,0,167,13,491,111,18.834,2.33,54.02,5.5994,35.647,7.8975,25.325,7.2853,18.281,2.972,905.34,0.45946,113.57,0.25139,2.2128
924,140,140,0,100,0,250,21,440,141,26.916,4.6026,46.628,8.4581,60.826,21.482,39.568,10.017,47.093,7.7421,932.39,0.4,139.57,0.36111,1.6094
758,19,140,0,100,0,164,8,354,18,21.613,1.0217,46.71,1.4197,46.366,3.5225,30.826,7.1723,19.897,6.6526,758.32,0,18.873,0.36157,1.2353
1064,69,140,0,100,0,226,19,597,75,21.406,2.4145,55.949,3.593,38.642,6.4876,30.084,8.0108,44.338,16.053,1066.1,0.2,68.951,0.23828,1.767
910,12,140,0,100,0,220,14,450,12,24.167,1.5927,49.457,1.4158,48.962,4.6049,21.889,7.3972,25.645,4.428,910.05,0,11.547,0.32,0.69315
1160,28,140,0,100,0,153,12,760,28,13.797,0.33642,65.507,0.84104,21.067,0.78404,11.95,2.1867,44.113,9.4161,1160.2,0,28.284,0.44444,0.69315
653,28,140,0,100,0,113,18,300,28,17.258,2.6847,45.932,2.9757,38.167,10.305,37.373,13.032,45.23,14.217,653.81,0.3,28.46,0.38216,1.7064
935,30,140,0,100,0,184,17,510,26,19.776,1.8243,54.536,1.8146,36.368,4.4723,17.796,2.8622,20.272,4.4799,935.36,0.25,30,0.16,0.56234
814,15,140,0,100,0,220,44,349,46,27.722,5.5056,42.795,5.5497,67.498,24.547,44.799,17.411,64.691,10.939,814.41,0,15.119,0.26562,1.0042
670,44,140,0,100,0,146,10,283,45,21.988,1.9803,42.029,3.8809,53.114,9.309,21.016,7.2001,25.069,8.0163,671.03,0.2963,44.157,0.3176,1.9573
885,19,140,0,100,0,208,11,435,10,23.718,0.86614,49.154,0.56469,48.268,2.186,16.109,3.6985,26.41,2.9763,885.16,0,19.149,0.48,1.0397
795,14,140,0,100,0,210,15,344,25,26.534,2.1585,43.256,2.5479,61.816,8.6685,33.351,7.8973,40.208,5.9383,794.78,0,14.075,0.37891,0.99084
732,55,140,0,100,0,192,11,300,53,26.281,2.1248,40.751,4.2481,65.728,12.483,16.634,4.8161,15.785,5.5957,734.05,0.26667,55.498,0.32089,2.2265
891,30,140,0,100,0,226,9,425,27,25.399,1.0251,47.644,1.5968,53.426,3.7787,11.622,2.4227,17.391,2.8556,891.74,0.15625,30.027,0.32507,1.688
929,154,140,0,100,0,188,12,502,155,20.791,4.1093,52.605,8.8549,42.391,17.842,11.637,4.6174,19.678,6.043,941.48,0.45714,154.11,0.24769,2.1615
616,88,140,0,100,0,135,20,240,92,22.525,4.7351,37.793,9.6953,66.234,29.116,29.467,10.225,62.945,19.561,621.61,0.4,87.838,0.34711,1.6094
1021,41,140,0,100,0,220,12,560,41,21.654,1.3506,54.798,1.9926,39.645,3.8062,11.829,5.5187,10.745,2.1733,1021.5,0.11538,40.588,0.44993,1.9247
836,28,140,0,100,0,202,15,391,18,24.451,0.98711,46.797,0.90265,52.285,2.7455,29.689,4.5534,23.034,9.6311,835.97,0.11111,27.889,0.41,1.5811
777,54,140,0,100,0,180,17,357,53,23.233,2.3939,45.738,3.9529,51.554,9.319,26.784,10.434,24.113,6.1905,779.13,0.29545,54.319,0.30914,2.0701
905,44,140,0,100,0,161,13,505,37,17.747,1.1609,55.677,1.7412,31.948,2.9096,24.981,11.862,29.84,7.3777,906.2,0.16129,44.111,0.37207,2.0496
1007,47,140,0,100,0,260,12,507,53,25.894,2.0905,50.222,3.0698,51.938,7.4792,16.059,3.3417,14.636,3.3544,1007.6,0.33333,46.762,0.40816,1.3297
824,155,140,0,100,0,187,65,404,122,21.669,7.2485,48.534,7.8612,47.247,21.466,57.412,34.112,72.489,14.47,835.51,0.2,154.53,0.19444,0.95027
1035,38,140,0,100,0,216,9,580,28,20.768,0.3048,56.02,0.72735,37.075,0.59658,28.599,2.6523,41.628,7.8663,1035.5,0,37.859,0.4,1.0397
682,78,140,0,100,0,153,16,289,70,22.53,2.1979,41.851,5.3063,55.163,11.281,22.053,7.4821,24.558,7.6568,686.34,0.36,77.854,0.42983,2.1204
781,23,140,0,100,0,171,11,370,22,21.923,1.3517,47.317,1.7334,46.481,4.4093,37.071,8.9457,29.181,11.301,781.28,0.069767,23.484,0.27738,1.495
1030,71,140,0,100,0,280,0,510,71,27.249,1.8707,49.395,3.4741,55.435,7.6859,18.189,2.9754,19.312,0.7301,1031.2,0.5,70.711,0.44444,0.69315
654,15,140,0,100,0,173,15,240,20,26.643,2.2905,36.659,2.5256,73.315,11.087,18.813,5.1832,45.638,13.042,654.44,0,15.119,0.23438,1.0042
680,44,140,43,249,120,122,36,172,48,18.365,6.2222,25.578,8.2715,72.056,8.6051,22.421,7.7582,53.742,31.274,681.32,0.083333,44.313,0.14201,1.5454
831,26,140,0,100,0,220,7,371,25,26.497,0.97455,44.589,1.6978,59.583,4.3901,19.963,5.8288,11.834,3.0168,831.26,0.028571,26.276,0.41744,1.5905
510,11,140,0,100,0,71,11,197,8,14.359,1.8427,38.564,1.4649,37.407,5.9904,7.1959,4.5054,21.454,8.3544,510.1,0,10.954,0.32653,0.69315
860,28,140,0,100,0,213,12,410,14,24.405,0.84179,47.673,0.076527,51.19,1.6836,23.883,4.2943,62.119,8.6681,860.23,0,28.284,0.22222,0.69315
950,14,140,0,100,0,220,0,490,14,23.16,0.34478,51.574,0.7209,44.917,1.2964,22.612,2.8175,20.593,0.61178,950.05,0,14.142,0.22222,0.69315
635,18,140,0,100,0,152,10,243,18,23.97,1.4824,38.217,1.9127,63.025,6.5586,31.817,8.7033,42.512,9.4376,635.43,0.018519,17.776,0.30017,1.2816
867,21,140,0,100,0,214,17,414,25,24.635,1.9612,47.672,2.1525,51.95,6.4464,12.789,2.3526,15.238,3.3914,867.39,0,21.232,0.31629,1.3761
980,28,140,0,100,0,187,12,560,28,18.375,0.53033,57.125,1.2374,32.184,1.6255,40.204,1.1296,48.197,4.5727,980.2,0,28.284,0.44444,0.69315
1320,31,140,0,100,0,217,7,863,32,16.434,0.70929,65.375,1.0234,25.159,1.4559,29.363,7.3737,28.524,6.1635,1320.3,0,30.551,0.37426,1.7015
860,0,140,0,100,0,200,0,420,0,23.256,0,48.837,0,47.619,0,22.921,2.0011,24.451,2.8732,860,0,0,0.22222,-0
930,49,140,0,100,0,254,17,436,54,27.384,2.3974,46.74,3.4733,59.228,8.9671,51.221,11.876,40.318,8.8074,931.25,0.27778,48.873,0.3214,2.0941
846,16,140,0,100,0,183,11,423,16,21.627,1.258,49.99,1.374,43.361,3.7964,32.208,9.7259,35.877,7.249,846.03,0.029412,15.977,0.30041,1.144
624,142,120,18,243,127,133,82,136,9,16.678,3.6047,22.516,4.1013,73.81,5.324,0,0,0,0,636.87,0.4,142.41,0.13889,1.6094
805,68,140,0,100,0,184,61,385,98,22.505,9.0407,47.528,9.9902,51.703,27.808,46.525,13.335,56.481,18.462,807.16,0.25,68.069,0.24,1.3863
850,15,140,0,100,0,230,10,381,13,26.95,1.041,44.807,1.0932,60.229,3.6943,27.12,8.1045,42.34,8.5985,850.12,0,14.8,0.47637,1.0729
837,28,140,0,100,0,203,23,392,35,24.475,2.5934,46.802,3.0592,52.81,8.1789,39.234,13.456,53.65,16.128,836.96,0.125,28.243,0.29744,1.6897
993,50,140,0,100,0,210,12,540,40,21.477,0.45723,54.32,1.3184,39.557,1.4562,20.251,7.1229,23.643,5.786,994.18,0.33333,50.332,0.3125,1.0986
835,11,140,0,100,0,73,20,522,20,8.7088,2.3733,62.528,2.3305,14.081,4.347,66.189,8.5268,24.422,4.8002,834.61,0,11.01,0.27221,0.79249
980,35,140,0,100,0,215,38,507,46,23.856,1.9811,51.634,2.8301,46.429,6.1859,30.356,10.018,13.852,5.1793,980.41,0.33333,34.641,0.3125,0.63651
892,37,140,0,100,0,206,16,448,41,22.993,2,50.065,2.8993,46.318,7.1892,12.702,2.4121,44.273,12.59,893.12,0.047619,37.136,0.35331,1.2337
984,47,140,0,100,0,211,14,532,43,21.534,1.3631,54.026,2.0716,40,4.07,23.539,6.1304,18.191,4.751,985.21,0.2069,46.715,0.40333,2.1157
765,15,140,0,100,0,216,14,307,14,28.47,1.3253,40.157,1.3893,71.081,5.7707,50.484,11.829,55.972,15.833,765.4,0,14.67,0.3225,1.0199
688,39,140,0,100,0,176,18,272,37,25.66,2.4866,39.339,3.5284,66.266,12.659,10.5,3.1659,17.235,3.3244,688.96,0.39474,38.776,0.42735,1.8749
906,30,140,0,100,0,225,20,441,35,24.913,2.4034,48.572,2.7849,51.745,8.2552,28.867,13.033,30.53,12.181,906.59,0.027778,29.788,0.25128,1.6857
777,8,140,0,100,0,186,69,354,67,23.491,8.8564,45.599,8.7663,56.471,27.334,48.984,11.766,65.22,11.188,776.56,0,7.7511,0.3316,0.46204
1156,93,140,0,100,0,223,17,693,100,19.437,2.5776,59.672,4.0599,33,6.9105,13.815,2.1954,14.079,3.0904,1159.2,0.35714,92.878,0.26667,1.9702
883,14,140,0,100,0,185,9,457,14,21.035,1.0301,51.775,1.0907,40.676,2.8283,14.083,3.2466,40.053,4.9353,882.95,0,13.801,0.23438,0.9557
833,53,140,0,100,0,202,11,391,50,24.374,1.6429,46.703,3.1122,52.617,6.7791,15.738,7.6242,17.3,5.2838,834.63,0.25,52.731,0.42356,2.1877
703,27,140,0,100,0,145,50,317,72,20.884,7.8517,44.926,8.6732,50.44,24.745,21.14,5.8471,68.175,22.092,703.3,0.14286,26.904,0.26562,1.5498
870,14,140,0,100,0,273,31,370,42,29.915,3.7374,42.495,4.1858,71.176,15.806,28.572,1.128,34.75,17.246,870.06,0,14.142,0.44444,0.69315
867,39,140,0,100,0,153,49,476,39,17.296,5.2423,54.979,4.6676,32.456,12.364,40.931,13.071,39.656,9.1553,868.26,0.11111,39.281,0.32526,1.9861
961,37,140,0,100,0,243,10,478,37,25.292,1.3313,49.689,2.0899,51.089,4.7339,31.09,5.8892,25.993,5.6482,961.37,0.26667,37.318,0.32882,1.8876
700,37,140,0,100,0,94,37,365,46,13.563,5.1891,52.034,5.4315,27.375,13.194,72.877,15.455,36.65,9.7719,700.51,0.20455,37.227,0.28346,1.924
1169,37,140,0,100,0,238,24,691,42,20.417,2.1213,59.038,2.3464,34.755,4.5376,41.837,12.463,54.246,15.294,1169.8,0.14286,36.71,0.34958,1.798
885,261,140,0,100,0,200,47,445,295,25.437,13.032,44.99,23.932,119.97,165.22,32.857,8.8278,67.577,9.0295,913.51,0.5,261.47,0.24,1.3863
900,28,140,0,100,0,220,0,440,28,24.457,0.76859,48.864,1.6071,50.104,3.2208,30.165,0.44848,59.372,20.6,900.22,0,28.284,0.44444,0.69315
686,39,140,0,100,0,165,10,281,39,24.099,1.893,40.791,3.4158,59.808,9.3829,15.011,8.9949,17.346,19.237,686.66,0.16,38.953,0.37426,1.6449
760,0,140,0,100,0,140,0,380,0,18.421,0,50,0,36.842,0,80.635,5.108,76.675,10.921,760,0,0,0.44444,-0
1053,130,140,0,100,0,196,11,617,126,18.818,2.3207,58.051,5.1039,32.999,7.2676,28.901,6.6709,27.066,7.1033,1060.3,0.42857,130,0.39111,1.9702
833,12,140,0,100,0,245,10,347,12,29.597,1.2241,41.599,1.1962,71.242,4.9345,32.603,1.4402,44.322,10.483,833.39,0,11.547,0.3125,0.63651
688,52,140,0,96,13,162,7,285,50,23.724,1.5734,41.196,3.9735,58.32,8.7529,26.797,21.77,20.557,3.6139,689.24,0.25,52.304,0.22222,1.4942
685,26,140,0,100,0,155,9,288,22,22.875,0.90729,42.043,1.6758,54.536,3.8991,15.296,7.3516,14.476,3.3536,685.44,0.25,25.761,0.29586,1.4241
947,31,140,0,100,0,240,107,453,99,26.51,12.391,48.12,11.638,62.754,47.544,27.385,1.3555,50.715,40.532,947,0,30.551,0.5625,1.0986
879,16,140,0,100,0,156,8,484,18,17.677,1.0073,55.017,1.234,32.182,2.4734,16.922,5.5669,23.862,6.267,879.38,0.038462,16.474,0.34294,1.1619
757,14,140,0,100,0,208,15,309,28,27.58,2.465,40.712,2.9745,68.401,10.518,15.439,8.5658,73.338,9.5221,757.25,0,13.801,0.42188,0.9557
693,72,140,0,100,0,182,16,268,68,26.877,2.5309,38.164,5.3444,72.073,13.883,10.35,3.2128,20.23,2.3677,695.74,0.25,71.664,0.32099,1.6675
785,130,140,0,100,0,232,58,325,185,29.266,10.571,39.612,14.819,86.987,48.433,30.767,8.0997,47.879,14.385,793.03,0.25,130,0.24,0.56234
887,12,140,0,100,0,240,16,407,23,27.071,2.2995,45.859,2.378,59.315,8.2377,13.656,1.8662,47.881,13.326,886.72,0,11.547,0.3125,0.63651
1021,38,140,0,100,0,206,11,575,37,20.251,1.1877,56.223,1.7541,36.111,3.204,47.554,13.621,33.091,6.5224,1022.2,0.18519,37.998,0.39668,1.7348
840,28,140,0,100,0,203,8,396,26,24.296,1.0173,47.107,1.6188,51.67,3.6227,19.129,4.3185,27.652,9.1166,840.38,0.2,28.284,0.25,0.95027
680,53,140,0,100,0,150,35,287,46,22.457,5.2955,42.1,5.0417,54.751,19.362,32.636,20.82,58.894,27.802,681.37,0.33333,52.915,0.3125,1.0986
721,27,140,0,100,0,179,19,301,27,24.98,2.2478,41.682,2.6723,60.488,9.3259,57.181,12.412,56.027,13.383,721.33,0.21277,26.689,0.30339,1.545
852,76,140,0,100,0,167,10,448,79,19.394,2.2893,52.265,4.5835,37.628,7.5637,26.894,7.8146,22.772,4.6598,854.68,0.4,75.631,0.36111,1.6094
797,35,140,0,100,0,180,6,377,34,22.62,1.1029,47.206,2.2305,48.117,4.556,15.123,2.5113,19.509,4.0832,797.56,0.26316,34.809,0.4675,1.7362
947,31,140,0,100,0,255,10,447,31,27.484,0.87844,47.147,1.6893,58.387,3.9167,21.616,3.8533,24.132,5.1219,947,0,30.551,0.5625,1.0986
926,27,140,0,100,0,228,10,459,29,24.555,1.301,49.516,1.8475,49.744,4.4325,14.271,3.589,28.081,8.6457,926.74,0.045455,27.176,0.431,1.6412
789,91,140,0,100,0,159,16,389,89,20.516,3.071,48.63,6.8303,45.253,24.103,25.771,7.1494,34.858,9.7154,794.27,0.23077,91.079,0.33471,1.4673
910,63,140,0,100,0,108,27,562,55,11.785,2.789,61.707,3.0587,19.352,5.9053,16.919,6.5571,25.033,7.2742,911.87,0.32432,63.355,0.27632,1.9775
730,20,140,0,100,0,192,18,300,0,25.987,1.9737,41.118,1.0965,63.333,6.6667,14.634,3.6793,17.185,2.4508,730.21,0.25,20,0.24,0.56234
768,22,140,0,100,0,220,29,308,37,28.664,3.9841,40.068,4.2771,73.135,15.652,41.399,8.7765,56.266,11.747,768.44,0.11111,21.668,0.28444,1.3915
637,11,140,0,100,0,167,42,230,43,26.194,6.7081,36.111,6.6969,82.235,60.455,19.758,3.8564,54.857,13.247,636.98,0,11.483,0.36731,0.84491
990,64,140,0,100,0,189,10,561,62,19.196,1.3975,56.474,2.7815,34.176,4.0632,12.396,2.8342,11.941,4.0524,992.45,0.2381,64.068,0.41116,1.9763
901,63,140,0,100,0,200,42,461,73,22.273,4.8841,50.97,5.5853,45.095,13.452,54.456,15.407,59.001,16.154,903.25,0.27027,63.412,0.32064,1.8466
665,36,140,0,100,0,138,27,288,44,20.733,4.159,43.083,4.956,49.823,16.32,39.19,12.832,37.7,10.589,666.17,0.28,36.323,0.32141,1.905
965,19,140,0,100,0,244,9,480,16,25.388,0.87247,49.734,0.98848,51.085,2.6694,21.22,3.0149,14.36,1.0781,965.14,0,19.149,0.24,1.0397
1034,43,140,0,100,0,214,61,576,65,21.156,5.3367,55.603,5.4639,39.097,11.102,69.518,17.204,49.522,15.496,1035.2,0.25,42.573,0.29201,2.0388
718,23,140,0,100,0,160,54,318,56,22.254,8.0162,44.278,7.9308,53.855,22.797,25.843,5.3362,56.93,19.192,718.11,0.11111,23.333,0.25,1.4271
765,211,140,0,100,0,148,45,371,246,22.381,9.204,44.294,17.097,67.682,53.342,16.463,6.7711,32.306,10.747,791.43,0.36364,210.92,0.34028,1.7202
990,14,140,0,100,0,147,12,610,14,14.143,0.20203,61.612,0.54837,22.957,0.53223,35.638,13.253,43.381,2.1978,990.05,0,14.142,0.22222,0.69315
968,69,140,0,100,0,197,8,532,73,20.351,1.9872,54.758,3.6363,37.481,5.9807,12.734,2.3467,11.193,1.7501,969.95,0.4,68.702,0.25,1.6094
1053,37,140,0,100,0,245,13,567,43,23.382,1.7332,53.786,2.4324,43.707,5.409,35.284,10.641,37.155,8.1794,1053.1,0.125,37.244,0.40771,1.8276
805,38,140,0,100,0,192,15,374,35,23.668,1.5793,46.443,2.3753,51.244,6.0604,25.391,6.6412,25.878,7.6189,805.47,0.20513,37.686,0.32687,1.8359
1060,113,140,0,100,0,260,20,560,85,24.526,0.050634,52.703,2.3798,46.581,2.0073,50.555,13.476,43.024,9.1876,1063,0.5,113.14,0.22222,0.69315
825,19,140,0,100,0,284,9,305,19,33.953,0.79615,36.944,1.4786,92.083,5.9512,19.336,2.7781,43.058,3.0874,825.17,0,19.149,0.32,1.0397
666,31,137,23,177,106,121,37,234,80,18.302,5.8283,35.241,12.23,57.176,17.621,48.092,16.164,50.665,13.707,666.42,0.035714,31.202,0.29489,1.2095
1169,39,140,0,100,0,225,10,705,40,19.201,1.0573,60.25,1.5713,31.932,2.5914,27.905,7.0124,18.149,3.7558,1169.9,0.071429,39.434,0.57075,1.8738
890,42,140,0,100,0,220,0,430,42,24.747,1.1797,48.256,2.4667,51.413,5.0727,25.668,16.307,45.108,4.5693,890.51,0,42.426,0.22222,0.69315
1100,24,140,0,100,0,267,37,592,46,24.366,3.7555,53.807,3.7995,45.909,11.126,30.541,4.7218,40.806,16.692,1100.2,0,24.495,0.36111,1.0549
1126,56,140,0,100,0,216,39,670,53,19.136,3.2743,59.499,3.2187,32.516,7.0294,32.922,6.8298,76.143,13.2,1127.6,0.17241,56.088,0.24778,1.8295
640,12,140,0,100,0,163,20,237,29,25.482,3.6725,37.007,4.141,70.785,20.171,16.456,4.1025,46.136,9.2605,640.09,0,11.547,0.29688,0.79631
1080,20,140,0,100,0,255,19,593,31,22.856,1.4621,54.916,1.8514,41.713,4.1347,44.456,11.108,17.534,5.0078,1080.1,0,20,0.1875,1.0986
1204,29,140,0,100,0,219,17,745,29,18.209,1.3921,61.851,1.4783,29.503,2.8318,22.156,6.5319,39.011,10.983,1204.6,0.071429,28.986,0.34721,1.7095
1140,178,140,0,100,0,226,10,677,175,19.955,2.8706,58.555,6.2122,34.853,8.7943,32.001,15.646,26.441,7.7609,1151.6,0.33333,178.44,0.32653,1.7918
695,27,140,0,100,0,160,19,295,27,23.018,2.5695,42.402,2.8448,54.805,8.6883,19.29,5.2702,64.314,14.739,695.49,0.125,26.833,0.23529,1.565
1066,147,140,0,93,21,205,76,623,205,19.831,8.5364,57.261,11.176,37.724,18.547,31.207,6.245,37.104,11.759,1074.4,0.42857,147.29,0.35938,1.5498
712,24,140,0,100,0,168,11,304,23,23.548,1.4596,42.692,2.0561,55.423,5.9384,32.361,10.628,22.858,3.7392,712.05,0.0625,23.64,0.36818,1.5113
611,34,140,0,100,0,141,13,230,36,23.148,2.4912,37.475,4.0074,63.158,13.855,12.591,6.9436,14.07,4.978,612.17,0.29091,33.503,0.3007,1.8407
920,35,140,0,100,0,215,18,463,31,23.604,1.7352,50.277,2.0147,47.111,5.05,23.144,6.4625,26.057,5.7703,920.56,0.28571,34.641,0.39062,1.5498
716,40,140,0,100,0,157,28,319,45,21.904,3.8547,44.458,4.5509,50.442,12.175,28.186,14.293,40.057,14.483,716.77,0.19565,40.423,0.2861,2.0083
884,17,140,0,100,0,243,8,400,24,27.622,1.4903,45.221,1.9737,61.302,6.2697,10.661,1.5335,47.448,11.119,884.13,0,16.733,0.19444,1.0549
756,107,140,0,99,9,166,18,350,97,22.231,2.3335,45.494,5.7378,50.094,10.544,40.735,12.527,34.54,10.747,763.76,0.22222,106.62,0.28119,1.9877
897,32,140,0,100,0,170,23,488,34,18.85,2.3782,54.359,2.5628,34.923,5.6085,23.984,6.9278,37.815,10.066,897.54,0.18182,32.45,0.38322,1.7833
947,12,140,0,100,0,235,10,467,12,25.355,0.3071,49.291,0.6142,51.449,1.2551,37.199,11.148,57.356,8.2253,946.71,0,11.547,0.1875,0.63651
901,56,140,0,100,0,229,37,431,71,25.628,4.8279,47.651,5.6979,56.363,24.203,25.012,10.491,32.804,16.204,903.06,0.28571,56.276,0.28444,2.243
768,10,140,0,100,0,206,31,323,30,26.774,4.0815,41.984,3.9771,64.966,13.266,53.898,11.9,58.759,14.278,768.4,0,10.072,0.3008,0.67919
753,31,140,0,100,0,135,19,387,31,16.824,1.5243,51.282,2.2206,32.916,4.1511,23.032,5.8393,57.097,26.58,753.75,0,30.551,0.3125,1.0986
775,28,140,0,100,0,195,17,341,33,25.08,2.3646,43.913,3.0227,57.731,9.3778,16.519,5.9931,30.515,9.0801,775.48,0.11364,27.661,0.3042,1.6662
733,70,140,0,100,0,170,13,323,65,23.307,2.1565,43.686,4.7752,54.468,10.824,20.537,7.093,15.921,3.0664,736.73,0.26087,69.927,0.37574,2.1359
900,11,140,0,100,0,182,7,478,13,20.28,0.8199,53.05,0.95985,38.264,2.2673,13.856,3.0491,34.237,6.9337,900.06,0,10.69,0.39506,0.73562
859,62,140,0,100,0,189,10,430,60,22.079,1.5379,49.865,3.1292,44.598,5.4815,16.165,4.2709,19.324,6.9312,861.57,0.21212,62.146,0.44896,1.8338
869,18,140,0,100,0,230,10,399,17,26.432,1.0616,45.945,1.2391,57.623,3.7453,69.814,14.398,40.796,13.949,869.42,0.025641,18.265,0.33188,1.2879
600,57,140,0,100,0,120,0,240,57,20.089,1.894,39.732,5.6821,51.429,12.122,23.221,2.0889,47.229,9.5733,601.33,0.5,56.569,0.22222,0.69315
949,28,140,0,100,0,252,10,458,23,26.466,0.86535,48.221,1.2086,54.946,2.9674,48.408,10.596,13.414,2.8484,949.27,0.11111,28.48,0.39,1.4271
957,70,140,0,100,0,215,15,502,68,22.528,1.9703,52.249,3.5226,43.547,6.7789,42.186,11.424,24.249,7.7506,959.15,0.36667,70.09,0.30593,1.9919
1018,26,140,0,100,0,207,10,571,28,20.318,1.0683,56.086,1.474,36.295,2.8574,33.389,8.1278,50.856,10.843,1018.1,0,26.47,0.41551,1.3533
735,10,140,0,100,0,184,9,310,12,25.169,1.279,42.173,1.3181,59.792,4.9124,10.871,1.2052,9.1222,1.6808,735.05,0,10,0.24,0.56234
1005,31,140,0,100,0,143,16,623,39,14.215,1.6992,61.889,2.1533,23.075,3.2778,71.568,14.439,35.907,10.546,1005.8,0.033333,31.043,0.34547,1.0282
829,37,140,0,100,0,181,4,408,38,21.869,1.2592,49.128,2.5097,44.756,5.0363,21.367,5.8575,27.456,6.2798,829.87,0.090909,36.892,0.45747,1.7202
943,52,140,0,100,0,189,15,514,51,20.129,1.8521,54.35,2.8915,37.316,5.5955,31.836,7.5175,43.201,7.6532,944.73,0.16667,52.044,0.25858,2.0814
1250,67,140,0,100,0,269,11,740,61,21.628,0.93321,59.127,1.7818,36.641,2.6109,31.157,5.5083,46.291,25.114,1251.5,0.16667,66.633,0.28571,1.5607
874,66,140,0,100,0,191,21,443,61,21.919,2.3759,50.458,3.6164,43.913,7.1522,27.035,7.7677,48.514,14.147,876.08,0.34211,65.612,0.44707,2.1134
1030,14,140,0,100,0,273,12,510,14,27.187,0.37328,49.51,0.69324,54.923,1.523,26.533,5.1316,17.739,1.0931,1030,0,14.142,0.22222,0.69315
860,15,140,0,100,0,236,9,385,9,27.319,0.74969,44.766,0.62557,61.053,2.3871,14.434,3.5902,12.205,2.2261,860.12,0,15.119,0.41975,1.0397
1084,15,140,0,100,0,200,78,639,79,18.944,7.1771,58.912,7.1925,33.958,15.856,53.523,14.968,31.676,5.0735,1084.1,0,15.492,0.18359,1.0776
888,41,140,0,100,0,198,15,450,43,22.361,1.9737,50.54,2.9174,44.604,6.6837,28.223,9.6686,47.693,8.974,888.53,0.047619,41.22,0.31612,1.6166
800,35,140,0,100,0,173,10,386,32,21.803,1.2321,48.15,2.0818,45.433,4.3782,6.2127,2.138,50.607,16.394,800.64,0.14286,34.641,0.32812,1.277
1057,86,140,0,100,0,198,11,619,81,18.8,1.4567,58.327,3.3989,32.484,4.5796,13.454,4.2064,35.913,6.5522,1060.4,0.37037,86.416,0.36862,1.777
1102,87,140,0,100,0,226,11,635,90,20.673,2.1314,57.408,3.7579,36.399,6.2496,30.236,11.157,13.516,4.6189,1104.8,0.30769,86.704,0.26063,2.0351
733,12,140,0,100,0,210,12,280,20,29.104,1.8456,38.163,2.2326,76.618,9.1324,19.722,5.8629,19.192,6.6155,733.39,0,11.547,0.5625,0.63651
950,99,140,0,100,0,200,20,510,71,21.012,0.78777,53.587,1.8591,39.208,0.1098,14.351,3.6711,20.231,0.7069,952.58,0.5,98.995,0.22222,0.69315
875,44,140,0,100,0,206,14,429,37,23.619,1.3492,48.896,1.9866,48.461,4.4775,29.235,6.9906,56.778,16.106,876.28,0.19048,43.774,0.32851,2.0174
820,37,140,0,100,0,158,37,425,30,18.8,4.2658,51.876,3.5513,36.878,10.904,46.693,9.6174,59.993,16.959,820.73,0.125,37.033,0.2716,1.4942
702,9,140,0,100,0,201,8,262,6,28.49,0.68818,37.312,0.62266,76.4,2.9409,31.331,8.5206,39.552,11.884,701.96,0,8.7287,0.40289,0.59402
960,0,140,0,100,0,280,0,440,0,29.167,0,45.833,0,63.636,0,38.449,3.2396,51.609,20.949,960,0,0,0.22222,-0
675,45,140,0,100,0,131,11,305,44,19.378,1.8585,44.924,3.7047,43.708,7.4739,12.354,3.6073,25.567,6.9684,676.65,0.24,44.732,0.4629,2.1343
807,60,140,0,100,0,174,13,392,62,21.726,2.3444,48.36,4.2268,45.7,9.4403,39.26,13.114,24.19,9.7607,808.87,0.28571,60.351,0.2834,2.0123
700,10,140,0,100,0,167,18,293,20,23.916,2.5828,41.812,2.648,57.863,10.967,37.508,9.0461,54.902,13.396,700.48,0,9.6664,0.39733,0.69617
1092,70,140,0,100,0,250,12,602,65,22.963,1.3825,54.965,2.5667,41.976,4.5739,27.026,7.5478,20.502,3.6877,1093.7,0.26923,69.552,0.44993,1.8289
810,14,140,0,100,0,260,0,310,14,32.104,0.56051,38.262,1.0779,83.958,3.8302,24.932,1.2368,37.022,7.1871,810.06,0,14.142,0.22222,0.69315
704,25,140,0,100,0,178,6,286,25,25.297,1.2599,40.579,2.2839,62.7,6.5909,27.029,10.165,13.469,4.8587,704.59,0.14583,24.74,0.40733,1.5921
714,9,140,0,100,0,203,10,272,10,28.302,1.212,38.1,1.2215,74.451,5.5787,22.19,6.4328,23.727,5.6059,714.5,0,9.2178,0.43213,0.59084
953,33,140,0,100,0,195,41,519,51,20.368,4.3069,54.429,4.5065,38.201,9.9396,30.564,5.4323,61.005,13.049,953.87,0.13333,32.519,0.41415,1.8042
926,70,140,0,100,0,189,10,497,72,20.547,1.9132,53.405,3.6855,38.878,6.1951,37.574,13.151,29.842,8.2162,929,0.25,70.354,0.36861,2.0041
984,48,140,0,100,0,253,10,492,48,25.654,1.6199,49.911,2.5737,51.639,5.9011,23.422,4.2971,21.161,4.1222,984.93,0.2,47.749,0.41667,1.3322
880,20,140,0,100,0,225,10,413,12,25.749,0.84593,46.969,0.66165,54.841,2.3849,25.166,5.8438,16.667,0.33892,880.15,0,20,0.3125,1.0986
1033,33,140,0,100,0,244,9,549,33,23.626,1.0675,53.107,1.5934,44.58,3.2858,25.602,6.5506,7.26,1.0375,1033,0.09375,32.824,0.29385,1.7865
997,77,140,0,100,0,191,11,563,71,19.448,1.1,56.355,2.6892,34.641,3.4539,26.247,3.9885,22.565,3.1569,999.17,0.33333,77.374,0.36735,1.5607
810,14,140,0,100,0,213,42,350,42,27.104,6.5106,43.262,5.9932,64.309,23.958,22.953,8.6703,22.802,2.0836,810.06,0,14.142,0.22222,0.69315
925,20,140,0,100,0,225,41,464,42,23.959,4.4103,50.096,4.3905,48.676,10.701,27.175,11.763,42.173,11.551,925.65,0,20.181,0.38194,1.121
904,9,140,0,100,0,220,51,448,54,23.884,6.1089,49.565,6.062,49.782,16.341,26.472,12.894,46.506,20.167,904.04,0,8.9443,0.30556,0.5004
760,34,127,34,233,170,102,57,306,145,13.432,7.8549,40.579,19.575,48.066,43.641,77.767,11.014,65.715,17.889,760.72,0.041667,33.88,0.0704,1.2991
544,9,133,16,140,98,127,21,172,11,24.233,2.9076,31.64,2.3484,77.5,15.478,15.837,3.9346,29.979,6.196,544.06,0,8.9443,0.36111,0.5004
1060,0,140,0,100,0,67,31,750,42,6.6038,4.0025,70.755,4.0025,9.5085,6.1947,63.293,25.636,37.584,7.9321,1060,0,0,0.22222,-0
693,12,140,0,100,0,175,10,280,0,24.986,1.2614,40.392,0.67924,61.905,4.1239,13.312,2.381,33.371,7.7636,693.4,0,11.547,0.3125,0.63651
1086,10,140,0,100,0,260,11,586,10,23.944,0.94944,53.949,0.88224,44.417,2.458,22.876,6.2807,33.896,7.8568,1085.8,0,9.759,0.32812,0.59827
641,16,140,0,100,0,152,11,250,15,23.627,1.5373,38.929,1.6949,60.945,6.2746,36.354,9.8998,33.587,10.108,641.52,0.022222,15.609,0.37571,1.1371
965,25,140,0,100,0,180,0,545,25,18.662,0.47987,56.455,1.1197,33.079,1.4911,17.68,7.4483,21.977,5.872,965.25,0,25.166,0.24,1.0397
787,12,140,0,100,0,145,25,413,12,16.944,1.3694,52.543,1.2826,32.302,3.3362,74.875,8.1785,63.797,9.9323,786.72,0,11.547,0.1875,0.63651
1038,97,140,0,100,0,224,12,574,95,21.785,2.1078,54.908,4.2242,40.177,7.1645,30.533,10.091,14.983,3.0757,1042.6,0.46154,97.112,0.34184,1.9251
534,25,112,20,164,48,100,3,158,31,18.681,0.96129,29.558,5.2931,65.045,10.711,20.175,12.323,33.406,10.584,534.91,0.18868,24.924,0.21639,1.3095
967,12,140,0,100,0,245,10,480,20,25.524,1.374,49.646,1.5819,51.507,4.4563,17.572,2.5811,16.404,4.0695,966.71,0,11.547,0.1875,0.63651
840,168,160,35,280,205,154,68,257,143,19.877,8.573,30.683,15.36,67.788,12.506,49.801,16.663,50.443,15.785,853.85,0.5,167.81,0.2449,1.2425
1000,0,140,0,100,0,260,0,500,0,26,0,50,0,52,0,14.347,2.7247,11.144,3.9541,1000,0,0,0.22222,-0
738,29,140,0,100,0,203,23,295,36,27.49,3.2155,39.933,3.7437,69.832,10.998,56.791,15.687,35.43,9.0918,738.38,0.1087,28.976,0.31598,1.7408
780,19,140,0,100,0,173,87,378,96,20.947,11.22,48.269,11.581,51.533,39.354,87.433,8.3459,75.84,11.803,780.19,0.125,18.516,0.22222,0.90026
855,10,140,0,100,0,212,11,400,16,25.152,1.2965,46.775,1.5004,53.878,4.3904,15.058,2.8809,19.954,1.414,855.04,0,10,0.32,0.56234
1053,82,140,0,100,0,190,15,623,80,18.111,1.632,58.971,2.9166,30.893,4.0307,25.686,6.346,34.378,9.428,1056.2,0.1875,82.479,0.2865,1.9925
805,42,140,0,100,0,175,13,389,37,21.826,1.4661,48.283,2.3437,45.417,4.9216,17.77,3.7183,21.117,4.3054,806.05,0.25,41.782,0.30972,1.9942
745,19,140,0,100,0,144,9,360,16,19.459,1.1415,48.31,1.2962,40.338,3.2602,12.023,3.3207,11.52,1.4263,745.18,0,19.149,0.64,1.0397
970,42,140,0,100,0,253,12,470,42,26.83,1.1735,48.404,2.2567,55.545,5.014,63.677,4.0076,20.44,6.0848,970.46,0,42.426,0.44444,0.69315
0,0,0,0,0,0,0,0,0,0,0,0,0,0,0,0,0,0,0,0,0,0,0,0,0
892,30,140,0,100,0,203,8,448,27,22.877,0.87805,50.192,1.4561,45.642,2.8754,26.541,7.0822,19.005,3.7369,892.41,0,30.332,0.25,1.0549
1264,51,140,0,100,0,224,27,803,46,17.48,1.5455,63.496,1.7207,27.604,3.1026,24.194,7.448,22.984,9.7653,1264.6,0.22727,51.134,0.26843,1.9608
808,41,140,0,100,0,175,9,393,38,21.657,1.1929,48.568,2.3675,44.798,4.5809,19.603,5.6808,17.875,5.5866,809.12,0.14286,41.216,0.25419,2.0695
766,192,140,0,100,0,138,37,390,223,19.4,7.9341,47.67,14.875,49.212,31.797,15.208,8.0135,25.975,5.8242,787.43,0.4,192.31,0.2314,1.8344
842,47,140,0,100,0,184,14,418,40,21.85,1.2751,49.555,2.2459,44.261,4.2265,39.714,13.858,19.436,4.9275,843.23,0.32258,47.428,0.25293,2.0783
721,25,140,0,100,0,145,12,337,23,20.002,1.4378,46.692,1.912,43.002,4.7557,32.96,10.876,30.1,17.532,721.84,0.14286,25.376,0.28444,1.5318
664,28,140,0,99,8,152,19,272,35,22.873,3.0389,40.912,3.8489,57.08,13.116,11.667,4.0629,35.701,7.4958,664.43,0.15385,28.016,0.24706,1.6334
884,88,140,0,100,0,215,22,429,91,24.622,3.5257,47.984,5.8064,52.875,14.246,17.136,3.3699,8.7313,2.635,888.39,0.42857,88.467,0.29333,2.0449
840,13,140,0,100,0,194,10,407,10,23.011,1.0583,48.412,0.97208,47.579,3.0507,18.654,3.6223,25.905,2.9958,840.08,0,12.649,0.36735,0.86756
840,63,140,0,100,0,162,20,438,62,19.324,2.6196,51.95,3.9626,37.76,8.3937,20.42,8.7351,37.458,10.415,842.23,0.30435,62.668,0.3316,2.0999
729,51,140,0,100,0,177,25,313,49,24.253,3.3399,42.689,4.3534,57.902,11.467,24.222,10.287,27.86,9.5724,731.11,0.29787,51.05,0.36068,2.1202
845,37,140,0,100,0,242,12,363,39,28.712,1.8827,42.82,2.873,67.62,8.8093,21.081,4.8552,13.441,3.9759,845.4,0.23077,36.839,0.30313,1.8236
1092,57,140,0,100,0,190,25,663,56,17.379,2.2691,60.586,2.6994,28.877,4.6801,26.315,3.7955,49.887,13.64,1093.7,0.25806,57.429,0.29395,1.9757
925,19,140,0,100,0,244,17,445,10,25.931,1.3393,48.115,1.0105,53.953,3.8962,30.346,15.954,42.955,11.586,925.15,0,19.149,0.24,1.0397
867,42,140,0,100,0,245,30,373,61,29.323,4.2256,42.941,5.2367,69.676,17.128,55.153,19.709,28.577,3.1132,867.33,0,41.633,0.1875,1.0986
950,14,140,0,100,0,253,12,450,14,27.371,0.40746,47.363,0.78358,57.806,1.8167,18.886,1.3696,14.782,1.6242,950.05,0,14.142,0.22222,0.69315
926,35,140,0,100,0,197,7,489,34,21.271,1.0229,52.762,1.8075,40.422,3.3279,27.513,8.1555,9.9037,2.2235,926.2,0.083333,35.006,0.31702,1.9018
599,56,155,56,150,68,135,48,158,50,22.495,7.1079,26.382,7.6352,94.393,56.907,54.989,14.77,64.205,18.709,601.97,0.14286,56.043,0.093364,1.434
776,9,140,0,100,0,216,8,320,10,27.793,1.0703,41.258,1.099,67.462,4.2378,45.124,14.683,19.601,5.5525,775.6,0,8.8192,0.29,0.52971
900,20,140,0,100,0,256,11,404,22,28.454,1.327,44.867,1.6356,63.594,5.2424,21.508,5.2211,21.556,6.4655,900.21,0.066667,20,0.44922,1.3605
771,12,140,0,100,0,187,13,344,17,24.22,1.6728,44.638,1.7998,54.491,6.147,68.391,11.288,23.643,6.9578,770.92,0,11.765,0.2752,0.83657
599,9,140,0,100,0,148,12,211,12,24.75,1.9714,35.164,1.9593,70.909,10.179,51.078,21.634,50.04,15.732,598.88,0,8.5749,0.26852,0.57833
747,10,140,0,100,0,188,73,324,73,24.38,9.9528,43.472,9.8711,63.149,36.05,61.833,25.85,70.14,12.343,746.73,0,10,0.23,0.63651
954,19,140,0,100,0,280,0,434,19,29.351,0.57888,45.491,1.0751,64.577,2.7641,82.536,13.292,39.377,10.056,954.45,0,19.024,0.48438,0.9557
943,60,140,0,100,0,197,8,507,64,20.939,1.8685,53.534,3.4133,39.426,5.8905,24.146,6.2249,52.178,14.516,944.92,0.33333,59.889,0.36735,1.5607
945,211,140,0,100,0,228,50,455,203,27.233,4.738,46.48,10.077,62.337,23.408,60.413,16.429,16.675,4.1748,962.55,0.25,211.27,0.32,1.3863
707,92,140,0,100,0,200,16,260,87,29.532,3.5451,36.082,8.2593,86.944,33.399,11.284,2.1763,69.021,29.682,710.68,0.66667,92.376,0.4375,0.63651
722,16,140,0,100,0,159,11,323,20,22.061,1.5962,44.67,1.983,49.598,4.9872,43.624,12.544,28.464,5.4705,721.91,0.021739,15.678,0.23268,1.1606
760,39,140,0,100,0,161,15,359,34,21.187,1.7175,47.155,2.3825,45.168,5.6346,36.271,8.8402,22.215,4.339,760.95,0.35,38.933,0.28118,1.5842
1010,38,140,0,100,0,244,9,525,30,24.259,0.48695,51.953,1.0779,46.718,1.6872,49.79,8.1725,16.107,1.5509,1010.5,0.25,38.297,0.4,1.0397
808,11,140,0,100,0,197,8,372,11,24.256,1.0279,46.037,1.0579,52.749,3.3441,17.969,2.9013,16.834,3.1463,808.06,0,10.954,0.47222,0.67301
865,68,140,0,100,0,212,39,420,94,23.926,5.8689,48.204,7.4304,51.964,20.383,49.431,13.6,49.494,8.3836,867.01,0.25,68.069,0.16,1.3863
930,14,140,0,100,0,207,12,480,0,22.572,1.1774,51.619,0.78495,43.75,2.9463,21.701,3.7235,34.566,0.37779,930.05,0,14.142,0.22222,0.69315
